1.992421,1.645635,1.5973341,1.8049812
0.972292,0.29843098,0.3666848,0.7593109
0.49430037,0.036409833,0.42169818,0.46028706
1.8224808,1.525227,1.4447763,1.4209112
0.3180203,0.052071553,0.44585174,0.36343673
1.5027299,1.0296924,1.0689359,1.5736333
1.992421,1.635296,1.5839789,1.8049812
0.972292,0.30120933,0.3666848,0.7593109
0.49430037,0.0222278,0.4171319,0.46028706
1.8224808,1.5158225,1.4329151,1.4209112
0.3180203,0.080375835,0.45561615,0.36343673
1.5027299,1.0164148,1.05201,1.5736333
1.992421,1.6174917,1.5665303,1.8049812
0.972292,0.30120933,0.3666848,0.7593109
0.49430037,0.009344457,0.41208443,0.46028706
1.8224808,1.4992262,1.4153867,1.4209112
0.3180203,0.10891803,0.46077642,0.36343673
1.5027299,0.9947738,1.0347538,1.5736333
1.8452142,1.5850754,1.538508,1.8049812
1.0163774,0.29315954,0.3666848,0.7593109
0.48040485,-0.002900606,0.40388724,0.46028706
1.6279665,1.4685488,1.3855991,1.4209112
0.32519352,0.13213481,0.45963967,0.36343673
1.4402801,0.95675474,1.0109429,1.5736333
1.7267398,1.5316482,1.493634,1.8049812
1.0067654,0.28113568,0.3666848,0.7593109
0.4476321,-0.015230988,0.39048672,0.46028706
1.491783,1.416932,1.3362547,1.4209112
0.30194193,0.14547168,0.45192084,0.36343673
1.3477485,0.8973923,0.97648126,1.5736333
1.5299367,1.4583094,1.4318906,1.8049812
0.9670319,0.28113568,0.3682108,0.7593109
0.39414072,-0.025611497,0.3706637,0.46028706
1.2596029,1.344371,1.2657344,1.4209112
0.27115154,0.14845479,0.43832412,0.36343673
1.1958746,0.821471,0.93419033,1.5736333
1.2287123,1.3785981,1.363001,1.8049812
0.8349347,0.26698726,0.36478037,0.7593109
0.34731874,-0.03017149,0.3445122,0.46028706
0.82190263,1.2630208,1.1825124,1.4209112
0.24780233,0.14378424,0.42054638,0.36343673
1.0126777,0.7471787,0.8945431,1.5736333
1.2316349,1.3139963,1.3046558,1.3027956
0.8396886,0.28445512,0.36816072,0.9090245
0.35092455,-0.025148699,0.31609058,0.3720268
0.87486666,1.1953561,1.1066998,0.98198485
0.2299289,0.13548355,0.4002428,0.36604044
0.97999644,0.69247305,0.8682153,1.0206845
1.2554542,1.2791551,1.2677052,1.2779644
0.84451604,0.3031199,0.36449423,0.9200999
0.38174167,-0.010669171,0.28872976,0.40816173
0.9521292,1.1576651,1.0551056,0.9624687
0.21590339,0.12562329,0.37761986,0.33322892
0.9567071,0.6665818,0.85551137,0.9909338
1.2917401,1.2670536,1.2458584,1.2806044
0.8480329,0.30582365,0.36683926,0.9200999
0.4202558,0.007269959,0.26606613,0.42868742
1.0343115,1.143974,1.0258727,1.0003827
0.21687698,0.115329646,0.35160622,0.3079553
0.94223756,0.65936846,0.8451088,0.95771873
1.3264545,1.2612706,1.2242509,1.3143654
0.85272396,0.30128393,0.36157995,0.9200999
0.45234203,0.026563948,0.2504653,0.4387929
1.1007484,1.1365448,1.004107,1.0901538
0.23833586,0.10409505,0.3234919,0.29773554
0.93423694,0.65857154,0.82374114,0.9199456
1.3494174,1.2495239,1.1920618,1.3605471
0.85438263,0.30171674,0.34986946,0.9200999
0.4724488,0.043641925,0.24385591,0.4437448
1.1414036,1.1240377,0.979044,1.1858121
0.27979663,0.09235007,0.29745895,0.307566
0.9298619,0.6491021,0.7805292,0.8807003
1.3558614,1.2183032,1.1402853,1.395418
0.8558717,0.30171674,0.3429274,0.9200999
0.48523173,0.06302545,0.24965312,0.44953287
1.1551405,1.0928057,0.9412815,1.252224
0.32810095,0.082156375,0.2806116,0.33294007
0.9241678,0.6179153,0.7056532,0.8439273
1.3471491,1.150046,1.0565095,1.4080514
0.8582543,0.3015828,0.31839433,0.9200999
0.49624342,0.08568362,0.2652434,0.45983776
1.1477907,1.0238193,0.8720846,1.2813089
0.36941844,0.075757004,0.2760515,0.36113605
0.9131266,0.55182713,0.5955904,0.811358
1.3280089,1.029535,0.9291976,1.4004058
0.8599509,0.24631277,0.236841,0.9200999
0.5089476,0.11269106,0.28575203,0.47402388
1.1281704,0.9004863,0.7557699,1.279904
0.39471984,0.07147121,0.2809986,0.38052976
0.8948093,0.4395767,0.4466996,0.7847562
1.3053758,0.85105264,0.7522479,1.3818204
0.8603611,0.14975412,0.107048504,0.9200999
0.5222713,0.1430468,0.303765,0.48701605
1.1055802,0.71434236,0.5809139,1.2628824
0.4023452,0.06343046,0.29014885,0.3872991
0.8721029,0.28250614,0.26545295,0.76124436
1.2873887,0.65844876,0.556661,1.3621066
0.8628787,0.09401818,0.03981516,0.9200999
0.53406703,0.17364414,0.3162722,0.49548545
1.08922,0.5030685,0.3686413,1.2432762
0.39685726,0.04818805,0.298541,0.38322708
0.8513162,0.13668407,0.10245664,0.74118835
1.2818272,0.6191853,0.4820075,1.3495301
0.8756057,0.2042184,0.035841458,0.9200999
0.54278517,0.20053096,0.32299158,0.4965586
1.0863402,0.44707054,0.26732457,1.2313933
0.38486165,0.028502654,0.3057747,0.37406203
0.8410777,0.13400023,0.07309207,0.7264004
1.2895037,0.7932287,0.6189381,1.3476106
0.8260066,0.38296106,0.13673607,0.9213535
0.55410606,0.22093485,0.32454592,0.49131113
1.1115302,0.63091546,0.41035888,1.2305443
0.37452915,0.011774046,0.31220526,0.36447752
0.8161228,0.2871662,0.20030119,0.721039
1.3116603,1.000254,0.81283605,1.3480684
0.8248644,0.4688094,0.23233734,0.9184907
0.5639615,0.2330914,0.32078192,0.4942838
1.1483631,0.852761,0.62442404,1.2422975
0.36579087,0.004221749,0.316982,0.34718427
0.8077615,0.45958006,0.35935485,0.6828376
1.3370857,1.1564778,0.96726465,1.3573134
0.8451951,0.508163,0.33096942,0.9215323
0.57149833,0.23812272,0.31328326,0.49263337
1.1847943,1.0182483,0.79396516,1.2589293
0.35866338,0.005601109,0.31940788,0.33516172
0.8080537,0.59201133,0.48450547,0.66419023
1.3560101,1.2615776,1.0783504,1.3680452
0.8558123,0.5230813,0.38924968,0.9258015
0.57431597,0.23683102,0.30523223,0.49124923
1.212393,1.1293844,0.9165467,1.2733217
0.35316694,0.011035596,0.3198729,0.3301855
0.80560017,0.6805813,0.57116175,0.660217
1.3662684,1.330459,1.1607372,1.3789103
0.8562338,0.5230813,0.4101492,0.91769177
0.56934154,0.23079173,0.30140272,0.49629977
1.229617,1.2018161,1.0084207,1.2850542
0.34994292,0.016736336,0.31879598,0.33304948
0.79756236,0.73932576,0.6317652,0.66750556
1.3709123,1.3777826,1.2269497,1.3871293
0.84664136,0.5230813,0.41312736,0.8962881
0.5548617,0.22160967,0.30360523,0.5096841
1.2398485,1.2505527,1.0816995,1.2909379
0.35050634,0.020963581,0.31663215,0.34479254
0.786726,0.78252447,0.6806792,0.68527293
1.3728364,1.4122074,1.2807277,1.3855945
0.82464546,0.5230813,0.45239362,0.85066855
0.5336601,0.21226718,0.3101733,0.52939546
1.2460942,1.2853236,1.1401207,1.2833254
0.35214725,0.021646569,0.31299508,0.3633682
0.7761423,0.81593055,0.72254187,0.7074229
1.3737142,1.4362351,1.3201826,1.3664237
0.77449286,0.5230813,0.461636,0.80003166
0.5105724,0.20491312,0.3160335,0.5493833
1.251047,1.3093936,1.1818247,1.2524043
0.35040152,0.016771404,0.30672142,0.38347873
0.76476747,0.8398337,0.7560581,0.729855
1.3742665,1.4513249,1.3453407,1.3279579
0.7261727,0.5300425,0.4609333,0.75985444
0.49030736,0.19993062,0.31594664,0.5643957
1.2565485,1.324338,1.2070415,1.1960237
0.3387976,0.003462808,0.29492062,0.39753157
0.74979466,0.8553522,0.78106004,0.7462324
1.376188,1.4600183,1.3593688,1.279474
0.6916932,0.5300425,0.4609333,0.7454794
0.4732083,0.19489682,0.3062865,0.5702391
1.2641746,1.3331468,1.2200812,1.1253917
0.31503192,-0.019489275,0.2746319,0.399788
0.7328702,0.8637055,0.797713,0.7546765
1.3803344,1.4657142,1.3674132,1.236987
0.70164436,0.5300425,0.4609333,0.7454794
0.45712265,0.18628964,0.2870885,0.5650738
1.2733592,1.3390559,1.2268167,1.0610331
0.28197354,-0.050344937,0.24532825,0.38926184
0.7194427,0.86877245,0.80919987,0.7595908
1.3853519,1.4699093,1.3726394,1.2119328
0.7022101,0.5300425,0.4609333,0.7454794
0.4392962,0.1716255,0.2622945,0.5496865
1.2814986,1.34376,1.2313973,1.0217683
0.24844746,-0.08417209,0.2105967,0.37074593
0.7130955,0.87146074,0.8161107,0.76165956
1.3880148,1.4715165,1.3752676,1.2024819
0.7022101,0.5300425,0.4609333,0.7501647
0.41887325,0.15108591,0.23851924,0.52860546
1.2855033,1.345733,1.2340711,1.0064373
0.22411917,-0.11360748,0.17521548,0.35098565
0.7107551,0.8719805,0.81862015,0.76271117
1.3847641,1.4659508,1.3717722,1.1982927
0.7022101,0.5300425,0.4609333,0.7501647
0.39595336,0.12668628,0.21901453,0.5071547
1.2829626,1.3406192,1.2315822,1.000908
0.2115301,-0.13638854,0.14208247,0.33585557
0.70482695,0.86506754,0.81249356,0.76086116
1.3716648,1.4445741,1.3556556,1.1874999
0.7022101,0.5300425,0.4609333,0.7501647
0.37109637,0.1026528,0.20355837,0.4911012
1.2716675,1.31976,1.2173576,0.98779494
0.2051912,-0.1548435,0.10978574,0.3255102
0.6848288,0.84214014,0.7913714,0.7540715
1.3457376,1.3982822,1.3205025,1.1618174
0.6879012,0.5300425,0.4609333,0.7501647
0.34652683,0.083917186,0.18995701,0.48232034
1.2492341,1.2739769,1.1847931,0.95595914
0.19886522,-0.17181192,0.07586563,0.31712967
0.64513767,0.79431593,0.749239,0.73873055
1.3080833,1.3227538,1.2646068,1.1216772
0.63970345,0.5135582,0.45827425,0.7501647
0.32796538,0.07691998,0.1783876,0.4825614
1.2159216,1.1980133,1.1313599,0.9061822
0.18952268,-0.18702832,0.042305652,0.3091596
0.5895831,0.7200987,0.6865583,0.71402866
1.2657648,1.2217343,1.1925766,1.0728726
0.5934952,0.4726956,0.45765844,0.7501647
0.32086846,0.08436666,0.16882901,0.48807782
1.1772177,1.0950496,1.0608441,0.84898806
0.17838569,-0.19773865,0.014373653,0.30082554
0.5316337,0.6248704,0.61028314,0.67796856
1.2258525,1.104606,1.1091352,1.0217427
0.60969424,0.4161111,0.4553627,0.7501647
0.32739183,0.10449117,0.16014452,0.492127
1.1383772,0.97338855,0.9767222,0.7948432
0.16536684,-0.2033936,-0.005904241,0.29028538
0.4869501,0.5208555,0.52875566,0.63127047
1.188464,0.9806286,1.0136567,0.97127384
0.6108931,0.3393568,0.426365,0.7430161
0.3439724,0.13002183,0.14975575,0.4880482
1.0988537,0.842192,0.8772863,0.7498102
0.1495739,-0.206691,-0.02225802,0.2744692
0.45900264,0.41671422,0.44419023,0.57275546
1.1444579,0.84830564,0.8960443,0.9215364
0.6093484,0.2552777,0.3611791,0.70725614
0.36371675,0.15261625,0.13694142,0.47248155
1.0504706,0.70227957,0.75236875,0.7156951
0.12814777,-0.21074353,-0.042322524,0.24966179
0.4335965,0.30398262,0.34578392,0.49842137
1.0841277,0.6990063,0.7454379,0.87304914
0.60337543,0.19451487,0.29569578,0.6259717
0.38066214,0.16639969,0.12278765,0.4473196
0.98394287,0.5454326,0.5898819,0.6891856
0.09804865,-0.21661916,-0.07168561,0.21248671
0.3980152,0.17301235,0.22408147,0.41106716
1.003695,0.5348414,0.56451285,0.83147794
0.5803763,0.09469807,0.22906442,0.559165
0.39130116,0.16916522,0.10909755,0.4191033
0.8944092,0.37332156,0.39119488,0.672143
0.058002867,-0.22345357,-0.11212302,0.16100155
0.3509769,0.02702323,0.08179134,0.3187702
0.9074346,0.37219626,0.37430426,0.8014085
0.53670925,-0.026892664,0.12835164,0.51319224
0.39488718,0.16257654,0.096702315,0.3947748
0.7843691,0.20619074,0.18192244,0.6624935
0.009788984,-0.23095326,-0.1603295,0.096831545
0.2997059,-0.1258276,-0.07196189,0.23876578
0.8054783,0.2301927,0.20967524,0.78069305
0.48766282,-0.19083016,0.016123679,0.51319224
0.3911517,0.14995745,0.08583729,0.37808397
0.663559,0.061939526,0.004442019,0.65451133
-0.042179924,-0.24006103,-0.20838256,0.026780073
0.25070626,-0.2630423,-0.21444443,0.18234067
0.71139014,0.099542424,0.07893349,0.76229775
0.4694812,-0.35528797,-0.107189156,0.51319224
0.37992814,0.13425419,0.07618331,0.36757264
0.5492091,-0.068625785,-0.12613086,0.6449583
-0.091920175,-0.25208202,-0.24633878,-0.03666409
0.20503603,-0.39387223,-0.34546584,0.13660784
0.6413514,-0.032251935,-0.03144992,0.7409219
0.44613555,-0.4323144,-0.28947237,0.51319224
0.3617814,0.11716278,0.06724208,0.36057693
0.46411088,-0.20446143,-0.2341777,0.6302782
-0.13600062,-0.26744765,-0.26876602,-0.08271721
0.16651955,-0.5172424,-0.45974898,0.09291639
0.6054025,-0.1486373,-0.123016536,0.71493274
0.42028093,-0.35918692,-0.43152848,0.49861035
0.33960617,0.09895666,0.058504805,0.35515764
0.4232076,-0.3284501,-0.3278397,0.6090974
-0.17418869,-0.2843157,-0.27833512,-0.108679846
0.14023717,-0.6184097,-0.5478158,0.04993545
0.5953564,-0.2234314,-0.18441388,0.6860972
0.4261997,-0.32595238,-0.51115984,0.43206677
0.3175106,0.080504954,0.048817568,0.35023183
0.41401613,-0.40876904,-0.39617106,0.5819819
-0.20605727,-0.29888666,-0.2805386,-0.11683734
0.1285465,-0.6826303,-0.59794503,0.014809465
0.5918577,-0.2562678,-0.21898036,0.655117
0.43218222,-0.32004762,-0.4845331,0.34379295
0.2989375,0.062443398,0.036890853,0.34536302
0.409723,-0.43771926,-0.43610486,0.5492055
-0.22210482,-0.308116,-0.2798184,-0.10200587
0.12657663,-0.72286314,-0.6241045,-0.009604378
0.58369964,-0.2643584,-0.23732886,0.6217306
0.44229022,-0.32004762,-0.44776058,0.30462366
0.28469613,0.045739315,0.022475567,0.33963606
0.39558747,-0.43238968,-0.45894095,0.5121542
-0.20799336,-0.31231135,-0.27663925,-0.053969976
0.1296658,-0.7580627,-0.6356241,-0.02997348
0.56996256,-0.26250547,-0.24806449,0.5840812
0.4590375,-0.32004762,-0.40760186,0.30462366
0.2722739,0.028624281,0.005230142,0.33033362
0.37164503,-0.41919935,-0.47447777,0.47109392
-0.15970635,-0.31318262,-0.27098563,0.024352966
0.13414739,-0.78123164,-0.6392464,-0.05594328
0.55245775,-0.26314405,-0.2562806,0.54048204
0.45980984,-0.32501784,-0.37092367,0.30241534
0.2585979,0.007061576,-0.015252527,0.3155522
0.34021744,-0.4156137,-0.488569,0.4250714
-0.08914404,-0.3102884,-0.26447353,0.11457303
0.13969426,-0.79175174,-0.6390171,-0.09148465
0.534586,-0.27041897,-0.26335967,0.49356338
0.46175858,-0.330241,-0.3542081,0.2823688
0.24141097,-0.021964304,-0.039022468,0.2988909
0.3048012,-0.4278987,-0.50235486,0.37396464
-0.00846654,-0.30073994,-0.26057655,0.19816628
0.14828467,-0.7873418,-0.6367861,-0.1249222
0.52354544,-0.28087065,-0.26888305,0.45278344
0.5171653,-0.2936303,-0.30065155,0.25754526
0.22190683,-0.057302356,-0.065899625,0.2906845
0.26995233,-0.45387328,-0.51620346,0.32434222
0.075717114,-0.28321448,-0.26056725,0.26696733
0.1692545,-0.7642358,-0.63121486,-0.13893545
0.52759093,-0.2864065,-0.26963282,0.43541744
0.63687587,-0.24791865,-0.25938073,0.33547094
0.20225984,-0.092806175,-0.09551738,0.30119753
0.2432266,-0.48552537,-0.52518445,0.29484484
0.15895045,-0.26176268,-0.26294887,0.3216749
0.20923008,-0.7208405,-0.6214667,-0.12285829
0.55236053,-0.28082374,-0.26174358,0.45404935
0.72012436,-0.19809012,-0.2491603,0.37978625
0.18523471,-0.11993669,-0.1267975,0.32938167
0.23116937,-0.51337326,-0.5190697,0.3074339
0.2355279,-0.24197584,-0.26326367,0.36599836
0.27059716,-0.66319126,-0.6113727,-0.088802524
0.5947795,-0.26093557,-0.24103343,0.5034111
0.7525569,-0.15947978,-0.23615663,0.3790017
0.17286071,-0.13370967,-0.15626618,0.36374348
0.2354648,-0.52687156,-0.48963672,0.36128014
0.2978655,-0.2267208,-0.25777316,0.4020522
0.34512955,-0.60014665,-0.6016991,-0.05081359
0.6444091,-0.2282437,-0.20840076,0.5632005
0.76806504,-0.13514571,-0.22478072,0.3863066
0.16591619,-0.13601239,-0.17785028,0.39290455
0.2518293,-0.5180232,-0.44013795,0.4290524
0.34149367,-0.21607628,-0.24596629,0.42969787
0.41894978,-0.5408234,-0.5919179,-0.012348437
0.6889406,-0.18812247,-0.17027324,0.61441135
0.78933007,-0.10081154,-0.21733582,0.39473265
0.16447027,-0.13230734,-0.18643655,0.41352412
0.26868573,-0.4865661,-0.38543087,0.48420894
0.3667889,-0.20859927,-0.23174644,0.44858468
0.48135582,-0.49175432,-0.5784473,0.027770137
0.7195709,-0.14695553,-0.13585916,0.6495846
0.8128413,-0.0601361,-0.21317773,0.40882555
0.16751784,-0.12641215,-0.18289404,0.42883426
0.27518526,-0.4430146,-0.34029007,0.51629305
0.37858444,-0.20258981,-0.21886419,0.45991158
0.5261375,-0.45301402,-0.5613102,0.07166025
0.73372984,-0.10936892,-0.11212678,0.6693486
0.8232298,-0.036688026,-0.2216385,0.4132502
0.17297897,-0.12024644,-0.17351006,0.44252235
0.2618972,-0.39649904,-0.31340608,0.527288
0.38399166,-0.1944796,-0.20833085,0.46627292
0.5549699,-0.4247584,-0.54287165,0.11494192
0.73365474,-0.07704706,-0.10134284,0.67729944
0.82323104,-0.033597603,-0.2270775,0.4132502
0.17663695,-0.11501573,-0.16368683,0.45591486
0.22597899,-0.35536805,-0.30433145,0.52242327
0.38885322,-0.18084529,-0.19868314,0.47010764
0.5720707,-0.40203932,-0.5292038,0.1543605
0.72511965,-0.05119056,-0.10037231,0.677474
0.823184,-0.045819137,-0.2290477,0.4132502
0.17494519,-0.112529986,-0.15351276,0.4683804
0.17352436,-0.32296824,-0.30618244,0.5079492
0.39522436,-0.16174825,-0.1889136,0.4716509
0.58196634,-0.3835864,-0.52353865,0.18691443
0.7157774,-0.029653082,-0.10145617,0.6760303
0.8188659,-0.07364989,-0.22971006,0.40461496
0.1679132,-0.11330467,-0.13989945,0.47864303
0.11853164,-0.29640645,-0.30698824,0.49230388
0.4005408,-0.14241724,-0.18035558,0.46810457
0.589222,-0.36789858,-0.52508163,0.21378797
0.7090441,-0.008191003,-0.09080029,0.6784998
0.8133481,-0.0977377,-0.21868274,0.38635534
0.15695481,-0.11640632,-0.12247621,0.48627186
0.078018144,-0.26914558,-0.29037023,0.48323885
0.39993218,-0.12963939,-0.1749841,0.45497552
0.5933467,-0.3533739,-0.52446,0.23735218
0.7054019,0.018099992,-0.05925379,0.68979144
0.8133481,-0.12201353,-0.20554993,0.3703741
0.14385074,-0.11837875,-0.10482819,0.49088106
0.056602705,-0.23354943,-0.25191316,0.48582897
0.38930404,-0.12755167,-0.17275934,0.42845112
0.5949882,-0.3386543,-0.50502235,0.26356012
0.7035614,0.049289573,-0.009303277,0.7106134
0.8133481,-0.13899507,-0.20434083,0.3829292
0.13106912,-0.114932925,-0.090297304,0.49130127
0.0504152,-0.1899625,-0.20000707,0.4981512
0.36756125,-0.1372443,-0.17187022,0.38772473
0.594398,-0.32378706,-0.45859656,0.29820192
0.7012449,0.08048539,0.044344287,0.7365587
0.80234087,-0.13724643,-0.20726167,0.38683578
0.122919425,-0.10494661,-0.07784236,0.48581025
0.048608202,-0.14600101,-0.15051226,0.5141931
0.33475843,-0.15651533,-0.17010395,0.33571127
0.59193575,-0.3105897,-0.3975166,0.33939272
0.69418114,0.10555333,0.0869787,0.7588977
0.7851846,-0.13670878,-0.24025694,0.39262286
0.12136611,-0.09231228,-0.06407194,0.47159493
0.042915627,-0.1099908,-0.11479348,0.5244428
0.29017913,-0.18091187,-0.1666186,0.27764112
0.5844788,-0.3020186,-0.34293148,0.37920627
0.67856485,0.12225849,0.11075941,0.769133
0.78427136,-0.13094005,-0.26053533,0.39262286
0.12715814,-0.08353827,-0.046199713,0.4461855
0.032162234,-0.08454049,-0.09730677,0.51913583
0.23254193,-0.2040132,-0.1608792,0.21805048
0.56745493,-0.29928166,-0.30871096,0.4102648
0.65325356,0.13367023,0.11478063,0.7633748
0.7807475,-0.1232666,-0.2685495,0.38686308
0.13698845,-0.08352501,-0.023984797,0.40981856
0.025310036,-0.06594952,-0.09844026,0.49022076
0.16214511,-0.22123733,-0.15357216,0.15884614
0.53661084,-0.29990408,-0.29643133,0.43255615
0.6221645,0.14282659,0.1015981,0.74361736
0.74954927,-0.11316247,-0.28066978,0.39333132
0.14702505,-0.093473814,0.000451446,0.36775973
0.035800047,-0.050835587,-0.117124476,0.43496576
0.08585457,-0.2316771,-0.1455348,0.10202303
0.49186525,-0.30115166,-0.30107376,0.4500775
0.5930998,0.15019296,0.07604377,0.71807534
0.6931566,-0.10974975,-0.27288762,0.43644902
0.15456274,-0.11073529,0.02282524,0.32930517
0.06783221,-0.03913875,-0.14991456,0.3603438
0.01739856,-0.23733939,-0.13769782,0.052077543
0.43921757,-0.30160013,-0.31580386,0.46719158
0.5737803,0.15432073,0.043796115,0.6967372
0.626316,-0.12974934,-0.25755632,0.43164998
0.15914592,-0.13063371,0.03890906,0.30271825
0.11451677,-0.032387253,-0.1903244,0.28431138
-0.029516518,-0.23955692,-0.13093357,0.014269264
0.38847706,-0.30231535,-0.33636293,0.4842839
0.56760186,0.15464143,0.011770401,0.683845
0.5654551,-0.14973673,-0.26077548,0.4461469
0.16161439,-0.14994603,0.047082495,0.29000747
0.16177626,-0.030229935,-0.23026617,0.22618686
-0.05289183,-0.23832873,-0.12747248,-0.009283085
0.35093176,-0.30543482,-0.3575453,0.49768496
0.5703643,0.15142992,-0.013215623,0.67727774
0.5368802,-0.17879732,-0.2672724,0.47693416
0.16336466,-0.16679613,0.04937038,0.28676403
0.20078662,-0.033059504,-0.26122558,0.19284976
-0.06382148,-0.23561938,-0.12979156,-0.021030692
0.32852307,-0.30936703,-0.3746505,0.50479424
0.5757507,0.14576343,-0.02817986,0.67232794
0.5016876,-0.19393905,-0.26876652,0.5158847
0.16711767,-0.1795858,0.04956128,0.28624022
0.22789747,-0.039685648,-0.28096431,0.17834961
-0.0759048,-0.2350565,-0.13927364,-0.026240675
0.31698343,-0.3132262,-0.38349265,0.504426
0.5792806,0.13833821,-0.03674301,0.6664752
0.43984506,-0.21107328,-0.26967484,0.54385275
0.17754006,-0.18538809,0.050184287,0.2845241
0.24275352,-0.0503671,-0.29452693,0.17202432
-0.09621748,-0.2373458,-0.15364113,-0.030591432
0.31106427,-0.31460357,-0.38580653,0.49879608
0.57872725,0.12769458,-0.04580857,0.6581631
0.383135,-0.20165998,-0.27961475,0.54872674
0.196708,-0.18032953,0.05086944,0.28198633
0.247191,-0.06596458,-0.31088185,0.16410893
-0.12341634,-0.23988898,-0.16813159,-0.037154548
0.30620053,-0.31628907,-0.38604316,0.490297
0.57753485,0.11133336,-0.064530246,0.6478874
0.30516127,-0.18863186,-0.28513622,0.54872674
0.22240275,-0.16481292,0.049855117,0.28161556
0.24381568,-0.088249505,-0.34225407,0.14758988
-0.14956945,-0.23751038,-0.17860603,-0.04676766
0.30690485,-0.3223042,-0.3901884,0.48293638
0.57953423,0.08694004,-0.098119386,0.63399017
0.2472968,-0.16753963,-0.26639307,0.54872674
0.24886158,-0.14598015,0.046767354,0.28614634
0.23769556,-0.11964059,-0.39103302,0.11962583
-0.16515699,-0.2281396,-0.18431959,-0.056458052
0.31580555,-0.33495834,-0.4074203,0.47538745
0.58641565,0.05566868,-0.1449266,0.6150371
0.25913382,-0.1378707,-0.27428803,0.54872674
0.26907814,-0.13396758,0.042401977,0.2956792
0.23267609,-0.15825579,-0.44860876,0.087668754
-0.16705692,-0.21473268,-0.18558806,-0.06303979
0.3323848,-0.35443562,-0.4433205,0.46204513
0.59781724,0.022497695,-0.1901326,0.59050435
0.31034225,-0.11851705,-0.26340833,0.537346
0.2776071,-0.13432334,0.037027076,0.305792
0.23442306,-0.19775642,-0.48672238,0.06269802
-0.15891623,-0.20322317,-0.18133351,-0.06560823
0.3513102,-0.3778453,-0.49564868,0.43769726
0.6114601,-0.004542573,-0.21042575,0.5634357
0.38226607,-0.09287614,-0.2597174,0.5173268
0.27395445,-0.14518675,0.030951431,0.31133854
0.24473803,-0.22762372,-0.4765209,0.055356853
-0.14756417,-0.19791925,-0.17008556,-0.06623105
0.36747864,-0.40064052,-0.54944855,0.40203318
0.6240923,-0.020961966,-0.19374537,0.5377196
0.45400283,-0.09976242,-0.24184921,0.5173268
0.26200023,-0.15786254,0.024191696,0.3095042
0.26015425,-0.24233484,-0.42103547,0.06352319
-0.1403092,-0.20102318,-0.15468627,-0.069174856
0.3780003,-0.41961676,-0.5836491,0.36015853
0.6311434,-0.029941954,-0.15213847,0.5139436
0.5219648,-0.114246316,-0.22259988,0.5173268
0.24921198,-0.16297527,0.015436284,0.3011674
0.27237102,-0.24692847,-0.3515835,0.07496378
-0.14134948,-0.21172057,-0.14109641,-0.07618806
0.3810717,-0.43527892,-0.58601236,0.31744722
0.62674814,-0.03917399,-0.107416615,0.48881266
0.55489147,-0.13149765,-0.2122149,0.51054347
0.242407,-0.15597935,0.001924017,0.28847644
0.26995668,-0.25076845,-0.29308665,0.079022795
-0.1507926,-0.2272913,-0.13559358,-0.08685431
0.37512788,-0.45296422,-0.56599176,0.27468792
0.60629386,-0.054300606,-0.07323403,0.45772007
0.55802464,-0.15159349,-0.21128252,0.50081605
0.2451467,-0.13838653,-0.018117715,0.27371395
0.24518313,-0.26038548,-0.25450078,0.072874695
-0.16565186,-0.24386534,-0.14061753,-0.098477885
0.3580341,-0.47701415,-0.54018575,0.22691692
0.56888807,-0.076347746,-0.051987387,0.41961268
0.54596764,-0.16846487,-0.21119024,0.4602693
0.25640908,-0.11413375,-0.043082193,0.25852126
0.19604674,-0.2784519,-0.23407814,0.05898875
-0.18180482,-0.2587655,-0.15415964,-0.10772581
0.32946306,-0.5056972,-0.5173527,0.17097713
0.5195905,-0.10183416,-0.040134385,0.38103604
0.5468892,-0.17058894,-0.21119024,0.44546965
0.27223018,-0.08678446,-0.067300744,0.24396144
0.1299006,-0.30361852,-0.22523287,0.04445066
-0.19674706,-0.2719228,-0.17081134,-0.113427676
0.29215333,-0.5317238,-0.49978295,0.11286952
0.46862814,-0.12380058,-0.032574233,0.35150176
0.5468892,-0.17058894,-0.21119024,0.44784963
0.28894725,-0.059839092,-0.08490289,0.232447
0.062377974,-0.3277316,-0.22219259,0.03269145
-0.20897242,-0.28475976,-0.18541135,-0.11773031
0.25223243,-0.5500844,-0.48384324,0.06755266
0.42719126,-0.13532963,-0.025503077,0.33935004
0.5468892,-0.17058894,-0.21119024,0.44784963
0.30356225,-0.036641642,-0.09493685,0.22669512
0.013259193,-0.338045,-0.2211496,0.025594385
-0.21617015,-0.2985588,-0.1947644,-0.123766705
0.21568581,-0.56364954,-0.46597233,0.05068342
0.399325,-0.13171239,-0.018008878,0.34545946
0.5468892,-0.17058894,-0.21119024,0.4230043
0.31341264,-0.02007066,-0.101812884,0.22749
-0.007729624,-0.3257707,-0.22074196,0.028354865
-0.21552953,-0.31521034,-0.19855943,-0.13261357
0.18344814,-0.5749866,-0.44629902,0.059930287
0.38049245,-0.113242105,-0.01170368,0.3660719
0.5468892,-0.16284646,-0.21119024,0.38224873
0.31610516,-0.012234677,-0.10921102,0.23163143
-0.007135379,-0.29536867,-0.2211135,0.04585713
-0.2065309,-0.3349191,-0.19831614,-0.14441824
0.15163031,-0.5785387,-0.42899674,0.08341493
0.36210772,-0.08551389,-0.008177946,0.39603496
0.55272514,-0.15628761,-0.21119024,0.34279293
0.31078607,-0.012640338,-0.11667073,0.2341793
5.32E-05,-0.26016796,-0.221136,0.08263848
-0.1937588,-0.357768,-0.19615856,-0.15976481
0.11457437,-0.5655239,-0.41980487,0.10702904
0.3381948,-0.05688699,-0.00931635,0.42880562
0.55904806,-0.15628761,-0.21316533,0.31439477
0.30160043,-0.01785739,-0.120598204,0.23315264
0.005530839,-0.23125748,-0.22208652,0.13076955
-0.1832852,-0.38242146,-0.19396015,-0.18096954
0.06665016,-0.53747034,-0.4212403,0.12476094
0.3087861,-0.034554414,-0.013589073,0.45722973
0.5796831,-0.15963921,-0.22945933,0.28427958
0.29557726,-0.022805698,-0.11764281,0.2310902
0.008323237,-0.21528183,-0.22189336,0.17424645
-0.17847072,-0.4061264,-0.19299988,-0.20654611
0.007188214,-0.50254923,-0.43267235,0.13737048
0.27730346,-0.02089748,-0.017814402,0.47493103
0.5950215,-0.17721911,-0.26585665,0.28742605
0.29884252,-0.02473486,-0.107270956,0.23358051
0.008064198,-0.21275367,-0.21937321,0.19760963
-0.17985006,-0.42584282,-0.19501178,-0.23137093
-0.058029506,-0.4681083,-0.4480856,0.14882307
0.2500805,-0.014841355,-0.020609487,0.48101065
0.6491159,-0.20938437,-0.27476525,0.28742605
0.30989105,-0.024625292,-0.09298838,0.2437328
0.001214639,-0.22220096,-0.21697728,0.19188897
-0.18648633,-0.439958,-0.2018147,-0.249665
-0.1102456,-0.43546385,-0.4598142,0.16773658
0.23317806,-0.013047752,-0.023171175,0.48605168
0.72238487,-0.28030768,-0.29414794,0.319181
0.32261267,-0.025571313,-0.07890152,0.25966987
-0.015544921,-0.24083535,-0.21961756,0.16209708
-0.19587184,-0.44714373,-0.21428595,-0.25887364
-0.12733273,-0.40222904,-0.46223843,0.2067966
0.23373924,-0.011690128,-0.028389564,0.5141845
0.82374084,-0.35487026,-0.3121487,0.38994208
0.3318028,-0.028957386,-0.06680765,0.2773897
-0.04021124,-0.26425183,-0.2312203,0.14457706
-0.20615932,-0.44803557,-0.23134626,-0.26252803
-0.09617171,-0.36728513,-0.45651555,0.2723654
0.2584634,-0.00688981,-0.03763906,0.5795491
1.0070336,-0.3223132,-0.344519,0.453468
0.33616427,-0.03372657,-0.05581999,0.29469013
-0.056573108,-0.28778496,-0.25075155,0.18551448
-0.21578817,-0.4439438,-0.24946874,-0.26555708
-0.028997708,-0.32903373,-0.44902208,0.3550771
0.30569598,0.002788155,-0.049664143,0.67073095
1.1309682,-0.25107232,-0.3790306,0.5283692
0.33663076,-0.037636444,-0.04460357,0.31133357
-0.04713463,-0.30731985,-0.27311692,0.2926251
-0.22412664,-0.43869856,-0.263646,-0.27009985
0.050941274,-0.2893497,-0.44520915,0.4351376
0.36524853,0.016229227,-0.06074471,0.76290286
1.1968653,-0.21524109,-0.39963695,0.567404
0.33595997,-0.03910344,-0.0337221,0.32696277
-0.005165599,-0.31981668,-0.2905837,0.42156905
-0.23129427,-0.43746248,-0.26875985,-0.27605695
0.12402957,-0.25239867,-0.4469684,0.4987519
0.42417082,0.030129759,-0.067584954,0.8367855
1.2265866,-0.20768054,-0.4189666,0.584397
0.33685943,-0.03759494,-0.026834432,0.34057388
0.055766586,-0.3249564,-0.29935592,0.5298482
-0.23637198,-0.44356018,-0.26250017,-0.2815113
0.18145308,-0.22283375,-0.45105416,0.5415835
0.4773291,0.040859353,-0.069980934,0.8867792
1.2265866,-0.19964744,-0.41969675,0.59100175
0.342024,-0.03265382,-0.027194062,0.35095677
0.12602758,-0.32772928,-0.30112502,0.60461557
-0.23790263,-0.45732915,-0.24700439,-0.28309622
0.22135049,-0.20172037,-0.45434067,0.56602585
0.52517253,0.04542546,-0.0691972,0.91645277
1.2265866,-0.18954425,-0.4216185,0.59042037
0.3545007,-0.02348708,-0.03417345,0.35826576
0.20017676,-0.33783287,-0.2993825,0.6504018
-0.23594892,-0.47637266,-0.22733434,-0.27719805
0.2468547,-0.18649428,-0.45492497,0.5773777
0.57066506,0.042811938,-0.06381896,0.93510187
1.2265866,-0.17918167,-0.4140188,0.5939152
0.37399542,-0.010638872,-0.04146272,0.36420935
0.276548,-0.36249816,-0.2926608,0.6809182
-0.23305152,-0.4953401,-0.21030173,-0.2629879
0.2626103,-0.174192,-0.45147604,0.5815545
0.61600995,0.033823177,-0.05072449,0.9510843
1.2265866,-0.17860869,-0.38300258,0.59112835
0.3981429,0.003215328,-0.041848153,0.37137026
0.35181555,-0.4038911,-0.27497098,0.7084958
-0.23333445,-0.5080432,-0.20087512,-0.2438978
0.27472806,-0.163399,-0.44509256,0.5825075
0.66072017,0.020555425,-0.028332075,0.96952003
1.2265866,-0.18382832,-0.33681858,0.59031785
0.42252463,0.013982912,-0.032798596,0.3808156
0.42006817,-0.45796046,-0.24367708,0.7396174
-0.23859316,-0.51100826,-0.20122774,-0.22511367
0.28954148,-0.1548402,-0.43621403,0.5833875
0.7019118,0.006845551,0.00073958,0.99147815
1.2265866,-0.19308169,-0.304816,0.58880395
0.4416133,0.018980354,-0.018904358,0.38982236
0.47648066,-0.5161301,-0.20273304,0.7739143
-0.24828316,-0.5060042,-0.21020444,-0.21045123
0.30929065,-0.14801489,-0.42631024,0.58703053
0.73596525,-0.002724614,0.027169218,1.0147163
1.2265866,-0.19946562,-0.29689047,0.58383703
0.4518483,0.01818641,-0.00766892,0.39461312
0.5197774,-0.5662812,-0.16604723,0.8072938
-0.25971267,-0.4987786,-0.22557436,-0.20062779
0.32939303,-0.14129569,-0.4176034,0.5941964
0.7613728,-0.005293537,0.04004374,1.0367527
1.2265866,-0.20582935,-0.29689047,0.58224887
0.45274007,0.015205328,-0.004530269,0.39202985
0.5507204,-0.59857506,-0.14830716,0.83607596
-0.27091384,-0.4954867,-0.2452153,-0.19529602
0.3460777,-0.1331983,-0.41355002,0.6049837
0.7793819,-0.00110352,0.03415141,1.0555482
1.2265866,-0.20712426,-0.29689047,0.574045
0.4484559,0.014904356,-0.009987681,0.38237888
0.57269526,-0.6082683,-0.15595101,0.85906154
-0.2809397,-0.498033,-0.26565075,-0.19218235
0.35765737,-0.12435391,-0.4162348,0.61655116
0.7928549,0.006647507,0.011912691,1.068556
1.2265866,-0.20712426,-0.29689047,0.5628605
0.44350278,0.019657558,-0.021501997,0.36874548
0.5884966,-0.60020655,-0.18532495,0.87585783
-0.2890723,-0.5044284,-0.28028986,-0.18884815
0.3672831,-0.116704896,-0.42577466,0.62285686
0.80277485,0.014153803,-0.017830119,1.0711886
1.2265866,-0.20864223,-0.31168354,0.55382586
0.44013697,0.027329646,-0.034154713,0.35564217
0.5989961,-0.5844679,-0.2246159,0.88341725
-0.29342446,-0.5089408,-0.28245845,-0.18295777
0.3762367,-0.111937106,-0.4393919,0.6165252
0.8070333,0.016505338,-0.043302283,1.0594198
1.2253087,-0.2143607,-0.33653992,0.5455162
0.43746713,0.033931892,-0.042796984,0.34612498
0.6026888,-0.5711017,-0.2586554,0.8776147
-0.2920683,-0.5084733,-0.2702246,-0.17323893
0.38143843,-0.113359936,-0.45117164,0.59350544
0.8029407,0.011243363,-0.05628399,1.0319301
1.2174484,-0.24158412,-0.35405052,0.5325815
0.43397018,0.0358185,-0.04357793,0.34092727
0.59825295,-0.5641705,-0.2794563,0.8538094
-0.28245544,-0.49998295,-0.25060457,-0.16054899
0.37791666,-0.12295355,-0.45224625,0.55883944
0.7906742,-0.001730433,-0.05636396,0.99262714
1.1817528,-0.29810345,-0.35387367,0.52526045
0.4278448,0.031099414,-0.036586087,0.33811358
0.58614075,-0.56587815,-0.2898424,0.8130443
-0.26273444,-0.4824933,-0.23500921,-0.14647669
0.36539364,-0.14007953,-0.4374233,0.5224059
0.77379906,-0.020845179,-0.049040984,0.95155925
1.1150299,-0.39705342,-0.33008742,0.49033827
0.4189093,0.020647857,-0.025221195,0.335485
0.5690887,-0.5798091,-0.29656285,0.76404357
-0.2358944,-0.45812532,-0.23206447,-0.13410737
0.3488124,-0.16115502,-0.41111046,0.49642304
0.7568357,-0.043556564,-0.040212113,0.91998076
1.0103997,-0.33803582,-0.2880304,0.45036885
0.40626428,0.007641563,-0.014164591,0.33027005
0.5488363,-0.6074009,-0.30248213,0.72211844
-0.20920703,-0.43021128,-0.24382195,-0.12735443
0.33725664,-0.18201955,-0.38380337,0.48337793
0.7420529,-0.06730141,-0.031568352,0.9041891
0.92125833,-0.2470141,-0.24045768,0.4212901
0.3877881,-0.004225432,-0.007977263,0.32030743
0.52492654,-0.64790183,-0.30568323,0.7005842
-0.19002293,-0.40229845,-0.26515767,-0.12750871
0.33693174,-0.19963562,-0.36129236,0.47736058
0.7290266,-0.09076417,-0.021624725,0.9008946
0.8706992,-0.19454178,-0.20868687,0.41050637
0.36204123,-0.012856066,-0.009374333,0.3042793
0.4963032,-0.6979992,-0.30546308,0.6983277
-0.18038954,-0.37625444,-0.28385922,-0.13085535
0.34690455,-0.21399151,-0.34055507,0.47232497
0.71511185,-0.11398923,-0.009427195,0.9018798
0.8335294,-0.18045303,-0.1928319,0.3919061
0.329002,-0.018020492,-0.018477691,0.2828318
0.46294767,-0.7517647,-0.3057846,0.7032047
-0.17616512,-0.35248747,-0.28471845,-0.12979676
0.35901242,-0.22764696,-0.31518057,0.46668187
0.6984801,-0.13735832,0.001900624,0.89825314
0.80937314,-0.18421291,-0.18032876,0.36682466
0.29142058,-0.020598046,-0.03306429,0.25766128
0.42932525,-0.80343634,-0.312228,0.7011276
-0.16985124,-0.33037874,-0.2594737,-0.117009215
0.36304894,-0.24289586,-0.28641427,0.4603708
0.67898756,-0.160895,0.005939168,0.8839056
0.7425185,-0.18421291,-0.18300126,0.3798808
0.2540969,-0.021715596,-0.048173282,0.23325238
0.40101627,-0.8413463,-0.33182198,0.6833087
-0.15670988,-0.30915365,-0.21524344,-0.092313424
0.35360557,-0.26256076,-0.26122546,0.45200077
0.6582564,-0.1855971,-0.001759188,0.85821587
0.6184114,-0.17567825,-0.18583027,0.41708985
0.22283882,-0.021476172,-0.057823848,0.21413212
0.37990177,-0.8613522,-0.36603272,0.6496254
-0.13836472,-0.28930074,-0.16761775,-0.062611274
0.33330163,-0.28851005,-0.24759555,0.43959725
0.6383464,-0.21302956,-0.018292325,0.8255534
0.52339786,-0.15440975,-0.18583027,0.4396324
0.2013426,-0.020749237,-0.05833939,0.20432155
0.36473906,-0.86910945,-0.40644506,0.6077619
-0.118361376,-0.269641,-0.12861978,-0.035405926
0.3080447,-0.32135826,-0.24679065,0.42145553
0.6354654,-0.23374496,-0.03189157,0.8047758
0.48590058,-0.12673981,-0.18550998,0.4595653
0.1894383,-0.0207697,-0.049720418,0.2062457
0.36502686,-0.8257808,-0.42998382,0.58098394
-0.09882731,-0.24933249,-0.10235957,-0.014628326
0.3015247,-0.36207718,-0.25363886,0.40973425
0.6251732,-0.21349731,-0.026288081,0.7912969
0.47796276,-0.12602486,-0.17915235,0.4595653
0.18480462,-0.021989629,-0.033901397,0.2149505
0.35777295,-0.6751621,-0.40399307,0.5676426
-0.082151346,-0.22788966,-0.08747058,-0.005680958
0.2876891,-0.39752814,-0.26217037,0.39605126
0.6144431,-0.060705423,0.014341557,0.78600055
0.47796276,-0.12602486,-0.175301,0.4595653
0.17699103,-0.024529118,-0.014400401,0.22368969
0.35757598,-0.3370399,-0.3044114,0.5672197
-0.067479126,-0.20428064,-0.08013556,0.001692433
0.26424566,-0.38792035,-0.26966047,0.38341773
0.60507286,0.21973138,0.094647035,0.78861517
0.4765128,-0.12602486,-0.17347513,0.4595653
0.16537076,-0.027080532,0.003949352,0.22731248
0.3662744,0.050021376,-0.15206541,0.57709306
-0.056056738,-0.17746519,-0.07723563,0.007856282
0.23137808,-0.27044076,-0.26847842,0.37470967
0.6021951,0.511923,0.20117825,0.7981732
0.47517207,-0.12602486,-0.16768919,0.4595653
0.15014344,-0.027993187,0.015772367,0.2211169
0.38499865,0.3846225,0.013444682,0.5964983
-0.049299285,-0.14775419,-0.07598014,0.013459654
0.19718184,-0.08312775,-0.25355482,0.3680985
0.60973495,0.7494927,0.30916336,0.81234777
0.47381315,-0.12602486,-0.16904457,0.4345669
0.1326495,-0.025742278,0.019277075,0.20415801
0.41177735,0.6397182,0.15966667,0.6227956
-0.04924343,-0.11749813,-0.07338283,0.019153304
0.17329721,0.0984781,-0.22659564,0.36095783
0.6267577,0.92035174,0.3982995,0.82823527
0.47179815,-0.12551513,-0.17644961,0.375832
0.11336403,-0.020722957,0.017280735,0.17865884
0.44237807,0.8193294,0.27086297,0.6544854
-0.056969285,-0.09059351,-0.065837316,0.026764452
0.16575319,0.23745252,-0.19635218,0.3463929
0.6464477,1.0315686,0.45931146,0.84343874
0.47070184,-0.12569414,-0.17687255,0.37221104
0.09272007,-0.015703699,0.015704516,0.15114674
0.4717602,0.93580806,0.3443225,0.68606776
-0.07085938,-0.07127163,-0.05156376,0.039718334
0.16650529,0.32797042,-0.17404342,0.32626706
0.6620312,1.0959852,0.49261302,0.8544594
0.47070184,-0.119536065,-0.17687255,0.36847883
0.070557356,-0.013322786,0.0202724,0.12986778
0.4972571,1.0034486,0.3847728,0.7086915
-0.08504009,-0.06212856,-0.03267409,0.059834667
0.1613504,0.3790671,-0.16519551,0.30948988
0.669695,1.1284825,0.50462174,0.85632855
0.47010797,-0.06450076,-0.17687255,0.3454378
0.04684026,-0.012886888,0.031382937,0.119184695
0.51667106,1.0374472,0.4019135,0.7128398
-0.09275727,-0.06372722,-0.013768374,0.084760174
0.14240238,0.4051853,-0.1718996,0.30559117
0.6702608,1.1433845,0.5034688,0.84424937
0.44224602,-0.03831223,-0.18192482,0.30907616
0.021476971,-0.011184021,0.04520822,0.11606375
0.52906156,1.0525627,0.40568614,0.6920801
-0.091288246,-0.07381396,-0.000107163,0.10872279
0.11362027,0.4191699,-0.1920279,0.31492656
0.6667987,1.1506184,0.4957355,0.8164641
0.44224602,-0.06101627,-0.14874731,0.2636118
0.000224354,-0.005081428,0.05733886,0.11754379
0.5321091,1.0590487,0.40272635,0.645758
-0.08555042,-0.0881253,0.005782898,0.12443749
0.09274292,0.42960525,-0.21919815,0.3283682
0.6667987,1.1540656,0.4855295,0.8164641
0.44224602,-0.07623487,-0.08722592,0.2636118
0.000224354,0.004444536,0.06447155,0.11754379
0.5321091,1.0614967,0.39645502,0.645758
-0.08555042,-0.102766216,0.005038594,0.12443749
0.09274292,0.43728396,-0.24627766,0.3283682
0.6667987,1.1559597,0.47584534,0.8164641
0.44224602,-0.06744128,-0.007544135,0.2636118
0.000224354,0.01330728,0.06539843,0.11754379
0.5321091,1.0624901,0.38862407,0.645758
-0.08555042,-0.11338788,0.001647021,0.12443749
0.09274292,0.44294855,-0.26419762,0.3283682
0.6667987,1.1567198,0.46811926,0.8164641
0.44224602,-0.073261745,0.03723165,0.2636118
0.000224354,0.01686652,0.060571913,0.11754379
0.5321091,1.0626588,0.3807468,0.645758
-0.08555042,-0.11841181,-0.000886674,0.12443749
0.09274292,0.44616288,-0.2712445,0.3283682
0.6667987,1.1563499,0.4613963,0.8164641
0.44224602,-0.079251006,0.066161945,0.2636118
0.000224354,0.013634058,0.051207185,0.11754379
0.5321091,1.0619011,0.3730329,0.645758
-0.08555042,-0.119689845,-0.001534815,0.12443749
0.09274292,0.44739288,-0.2735484,0.3283682
0.6667987,1.1538471,0.45252955,0.8164641
0.44224602,-0.09481574,0.08276123,0.2636118
0.000224354,0.003611192,0.038280874,0.11754379
0.5321091,1.059272,0.363092,0.645758
-0.08555042,-0.12167231,-0.001498446,0.12443749
0.09274292,0.44540957,-0.27768648,0.3283682
0.79755944,1.1440246,0.4353946,0.4393305
0.76528895,-0.09880904,0.08276123,0.2589339
-0.014887052,-0.011014655,0.023183249,0.20020744
0.3849629,1.0494758,0.34391215,0.28304023
-0.13157322,-0.13007495,-0.001902642,-0.256505
0.58521396,0.4354796,-0.28599063,-0.080326095
0.7628862,1.11683,0.4005537,0.391386
0.76528895,-0.098204195,0.08276123,0.31750783
-0.041495156,-0.028026508,0.009624875,0.18986277
0.33264259,1.0228515,0.30554584,0.23726405
-0.12503979,-0.14952885,-0.00237292,-0.2659745
0.5613111,0.40593174,-0.30610928,-0.13331819
0.7225631,1.0588144,0.3365925,0.35238415
0.76528895,-0.098563865,0.08276123,0.33993864
-0.061952442,-0.043914318,0.003718485,0.17546183
0.2829425,0.9654049,0.2359357,0.19321445
-0.12101524,-0.18204011,-0.001568971,-0.2653546
0.5264328,0.34555298,-0.34770554,-0.16069667
0.68116546,0.9568177,0.2342739,0.32634112
0.76528895,-0.098563865,0.08276123,0.33993864
-0.076331384,-0.054845624,0.009331529,0.16071773
0.23724991,0.8628547,0.125048,0.15149301
-0.11765338,-0.2250828,0.000256728,-0.26157147
0.487468,0.2458553,-0.41865373,-0.15327714
0.64293814,0.8012818,0.09192223,0.3120505
0.76528895,-0.10170439,0.08276123,0.33993864
-0.085300855,-0.058580823,0.023848629,0.14842978
0.19699563,0.70353866,-0.029773856,0.10927513
-0.11296879,-0.2685284,0.000281564,-0.26130635
0.45037585,0.10562857,-0.5200136,-0.11616861
0.6098517,0.5897109,-0.07517725,0.3051439
0.76528895,-0.10372672,0.08276123,0.33993864
-0.089474276,-0.056245342,0.03968009,0.139603
0.1628137,0.47995928,-0.21523586,0.066966414
-0.105715446,-0.29673582,-0.002945263,-0.2645717
0.4178995,-0.061383303,-0.6348007,-0.06939945
0.58383995,0.33457053,-0.2246375,0.3036044
0.76528895,-0.10372672,0.08276123,0.33993864
-0.087597854,-0.052920766,0.050282225,0.13524556
0.13973351,0.1946151,-0.3873138,0.031647116
-0.09678907,-0.29910946,-0.006201621,-0.26755336
0.39024982,-0.22532415,-0.72989964,-0.02858507
0.5648565,0.07361854,-0.30552486,0.3106077
0.7665153,-0.10641821,0.08276123,0.33993864
-0.078194134,-0.054384813,0.053919774,0.13665089
0.13151327,-0.12588564,-0.49007186,0.020588703
-0.088663414,-0.27879766,-0.003837729,-0.26562914
0.36510184,-0.3601539,-0.76621306,-0.001719749
0.551479,-0.1488594,-0.3108304,0.3323678
0.7754887,-0.13847393,0.08276123,0.33993864
-0.060115863,-0.06277276,0.055036485,0.1446596
0.1368443,-0.432431,-0.51249707,0.049273875
-0.083131045,-0.24969117,0.006664729,-0.25657406
0.34041384,-0.4680791,-0.74091905,0.012628969
0.54137266,-0.326084,-0.2733088,0.37032735
0.7755776,-0.19981487,0.08276123,0.33993864
-0.034613263,-0.07524898,0.06143097,0.15970865
0.14726348,-0.68058527,-0.48471242,0.11326935
-0.080480374,-0.2238398,0.021416267,-0.24117494
0.31695116,-0.57951033,-0.6874032,0.020366445
0.533431,-0.44543117,-0.22087489,0.41525325
0.7755776,-0.2993972,0.08276123,0.33993864
-0.005182984,-0.08528498,0.07862746,0.17983752
0.15583956,-0.8132663,-0.43306074,0.1878044
-0.079141974,-0.20495076,0.033723637,-0.22290228
0.29746678,-0.6885755,-0.6337247,0.02558032
0.527575,-0.51906896,-0.17228517,0.45394513
0.7755776,-0.31008586,0.07968795,0.33993864
0.023851711,-0.08890416,0.10474463,0.20049311
0.1601591,-0.8546051,-0.3776058,0.250608
-0.077230684,-0.19275256,0.03885314,-0.20515166
0.28411582,-0.78813374,-0.5962602,0.026668487
0.49468267,-0.5326733,-0.13669333,0.471282
0.7437006,-0.33852056,0.04257812,0.35265094
0.04598649,-0.085347965,0.13288547,0.21724759
0.13693501,-0.8158918,-0.33276466,0.28491178
-0.06808255,-0.18628839,0.037110366,-0.19183743
0.24381149,-0.8522766,-0.5764171,0.014016416
0.45911315,-0.50514877,-0.11735403,0.48108238
0.70452344,-0.37127185,-0.04721621,0.3329907
0.06914429,-0.07780794,0.15690355,0.22747502
0.11610008,-0.7461156,-0.30800816,0.30554134
-0.061264046,-0.18477294,0.031001452,-0.17958431
0.19636308,-0.87590253,-0.5667374,0.002858592
0.4279108,-0.46652237,-0.111006536,0.48939675
0.6497448,-0.38474292,-0.14235076,0.365442
0.09094099,-0.06829425,0.17421874,0.22873102
0.11716896,-0.68009645,-0.30331638,0.32216665
-0.05755487,-0.18727334,0.023001116,-0.16930547
0.13638023,-0.8771778,-0.55740184,-0.006008335
0.40699258,-0.43304315,-0.11009854,0.50313765
0.5463141,-0.3898128,-0.24533658,0.3698906
0.1116687,-0.058084216,0.18590192,0.22458659
0.13995719,-0.62902576,-0.30935392,0.34335643
-0.056398094,-0.19187492,0.013446284,-0.16233899
0.06907932,-0.8729224,-0.54429805,-0.008564846
0.39668092,-0.4085552,-0.106582955,0.5229762
0.441706,-0.41217732,-0.36928415,0.37233186
0.13080645,-0.04862781,0.19382824,0.22074449
0.17068729,-0.5902435,-0.31417522,0.36941168
-0.056669362,-0.19615117,0.002222398,-0.15853626
0.004885022,-0.87469417,-0.52682555,-0.003039204
0.3935974,-0.38513443,-0.09466994,0.54413754
0.40570876,-0.4319369,-0.39934734,0.37233186
0.14710116,-0.042887278,0.19833468,0.22027057
0.19646604,-0.55182207,-0.3069899,0.3954683
-0.057435274,-0.19853055,-0.010439979,-0.15456958
-0.044274915,-0.8816967,-0.507307,0.006358233
0.39312878,-0.35086453,-0.074106686,0.56413794
0.40570876,-0.41714597,-0.382821,0.37233186
0.15992175,-0.04397543,0.1986157,0.22326414
0.2141782,-0.5002426,-0.28610116,0.42013615
-0.059290584,-0.19947965,-0.023544207,-0.1477969
-0.07832968,-0.88691235,-0.48726046,0.014708291
0.39271677,-0.30218112,-0.047694568,0.5814835
0.41357607,-0.39925572,-0.34011108,0.37233186
0.17069836,-0.0523757,0.19512574,0.22906402
0.2264724,-0.4340154,-0.25773886,0.4434315
-0.063545614,-0.20281601,-0.03539131,-0.13693868
-0.104794525,-0.8841881,-0.46396556,0.016542844
0.3927355,-0.24530813,-0.01674449,0.59636074
0.42737165,-0.39984962,-0.29462203,0.37950996
0.18261297,-0.06545768,0.18998522,0.23793355
0.23792478,-0.36360168,-0.22802179,0.4650895
-0.07183638,-0.21411228,-0.04659568,-0.12490228
-0.13035618,-0.86793643,-0.4310404,0.012762305
0.39291584,-0.18924145,0.016441088,0.6075052
0.4369121,-0.40973532,-0.2840371,0.39003548
0.1983332,-0.07770452,0.18515803,0.25012964
0.2486895,-0.30074257,-0.20090169,0.48224866
-0.0843985,-0.23650107,-0.061597254,-0.11457031
-0.15594313,-0.8343049,-0.3883468,0.006397266
0.3933162,-0.13895343,0.048879694,0.6126112
0.4369121,-0.42230892,-0.2840371,0.3951305
0.21709022,-0.084186375,0.1811779,0.2641525
0.2557131,-0.25175735,-0.18076178,0.49010935
-0.0994037,-0.2681031,-0.086756036,-0.10749132
-0.1728264,-0.7795953,-0.3376273,0.003157365
0.39451164,-0.09309328,0.07700945,0.6077632
0.4369121,-0.4404589,-0.28737664,0.3951305
0.23450567,-0.08440288,0.17531617,0.2769087
0.25728709,-0.21362008,-0.17141746,0.4829854
-0.11409971,-0.30285776,-0.12569061,-0.10434335
-0.17264795,-0.70866454,-0.28388464,0.005219829
0.39990807,-0.050059162,0.09723654,0.5910177
0.43265024,-0.44955745,-0.31010312,0.39676502
0.24645305,-0.08327698,0.16260667,0.28481546
0.25780863,-0.18139403,-0.17701985,0.45889997
-0.12636276,-0.3334716,-0.17631598,-0.10576924
-0.15439813,-0.6334773,-0.23232669,0.00980914
0.41062617,-0.011162117,0.10741286,0.56444687
0.43082353,-0.41925028,-0.32062417,0.40563473
0.25122917,-0.08648458,0.13928312,0.28564724
0.2635174,-0.15431982,-0.19868067,0.42134765
-0.13694757,-0.35597035,-0.23062336,-0.11203389
-0.13099974,-0.5627461,-0.18861195,0.012713023
0.42365667,0.020046309,0.10972646,0.53395724
0.42960837,-0.412157,-0.32185507,0.41382867
0.25021768,-0.09574451,0.106510825,0.28159377
0.27614892,-0.13446012,-0.22934729,0.37770095
-0.14898303,-0.37132707,-0.27775767,-0.12306245
-0.11698116,-0.50375676,-0.15632561,0.014222222
0.4329604,0.039358396,0.10717405,0.50671464
0.42172396,-0.412157,-0.32185507,0.42055577
0.24674822,-0.10895795,0.07094184,0.27864724
0.2890747,-0.12580141,-0.2612804,0.33694226
-0.1645696,-0.38239005,-0.31034738,-0.13623957
-0.11676468,-0.46048754,-0.13550611,0.016672917
0.43340117,0.046925608,0.103475,0.4854621
0.42097092,-0.412157,-0.32185507,0.4228334
0.24259575,-0.1217409,0.040844403,0.28283513
0.29296505,-0.12700316,-0.28522202,0.3020648
-0.18281083,-0.39146668,-0.3263237,-0.14852229
-0.12523194,-0.4345532,-0.124646865,0.022594275
0.42515582,0.04658322,0.10057813,0.46622813
0.43962193,-0.412157,-0.32185507,0.4186458
0.23789807,-0.13071458,0.021084277,0.29526964
0.2848048,-0.13319132,-0.29803944,0.26827982
-0.20054048,-0.39936665,-0.3284807,-0.15776153
-0.13370016,-0.4232639,-0.12081951,0.029774299
0.41215932,0.04271682,0.09821077,0.4431315
0.44815522,-0.412157,-0.32185507,0.41233727
0.23223853,-0.13468507,0.008550403,0.31119308
0.2661854,-0.13917653,-0.3063827,0.22759464
-0.21481034,-0.40602717,-0.3195151,-0.16288814
-0.13229427,-0.42302775,-0.11925831,0.035548292
0.39968616,0.038024206,0.09560383,0.4152349
0.43418786,-0.412157,-0.32185507,0.4104164
0.22621116,-0.1346052,-0.004515721,0.32390717
0.24446979,-0.14374779,-0.31746274,0.17952026
-0.22574456,-0.41106644,-0.30357182,-0.16512668
-0.1224599,-0.42795375,-0.11644553,0.037297387
0.38960063,0.03154346,0.09209782,0.38789693
0.50821936,-0.4162857,-0.31192058,0.40056852
0.22141488,-0.13216455,-0.022744114,0.3298156
0.22491932,-0.15024494,-0.3358407,0.13170445
-0.23629816,-0.4146973,-0.28678262,-0.16774566
-0.111281164,-0.43440294,-0.11084456,0.03686161
0.38278997,0.019855395,0.08771378,0.36410484
0.60536784,-0.42443895,-0.28347135,0.3828543
0.21871391,-0.12989195,-0.04448499,0.3296073
0.21037777,-0.16452195,-0.35973155,0.09179665
-0.24804437,-0.41760674,-0.27318066,-0.17276132
-0.101784244,-0.4411534,-0.10401222,0.032318164
0.37872937,0.000875329,0.08172695,0.34663162
0.65066814,-0.42443895,-0.26846263,0.3633964
0.2165551,-0.13113149,-0.06361692,0.3259058
0.1999937,-0.18994406,-0.38320553,0.06683193
-0.2611328,-0.42064762,-0.26459563,-0.1797134
-0.093150906,-0.4482084,-0.10058941,0.023279903
0.37504318,-0.024566893,0.070783675,0.33389726
0.6554979,-0.4328814,-0.2666743,0.3621829
0.21239725,-0.1382374,-0.07503443,0.32009223
0.18961419,-0.22452849,-0.4051235,0.05518999
-0.27346653,-0.42268118,-0.25868246,-0.18438755
-0.08398414,-0.45755598,-0.1059159,0.00933469
0.37286076,-0.05211733,0.052478567,0.32636422
0.66005,-0.46488008,-0.31024125,0.39828867
0.20388034,-0.15193012,-0.07712278,0.31134218
0.18104911,-0.26005924,-0.4282126,0.055330336
-0.2817688,-0.42003226,-0.25257838,-0.18338852
-0.07443024,-0.47179,-0.12183868,-0.006888408
0.37526706,-0.0772269,0.025773875,0.3221936
0.66158473,-0.50901496,-0.3682762,0.4695728
0.19040765,-0.1716835,-0.07201771,0.29858512
0.18323804,-0.2849971,-0.4548552,0.062480748
-0.2844126,-0.41026777,-0.24469191,-0.17671874
-0.071632825,-0.4971793,-0.14857404,-0.024501566
0.39240587,-0.09764004,-0.007313683,0.32398513
0.66158473,-0.52030474,-0.4365738,0.58232933
0.17327984,-0.19567843,-0.06301366,0.28165162
0.2113919,-0.29446673,-0.4838324,0.07804623
-0.28285652,-0.39426664,-0.23647168,-0.16797088
-0.0750343,-0.5360432,-0.18370654,-0.040153768
0.42958495,-0.11237016,-0.04159997,0.33092275
0.6654131,-0.52467823,-0.47517386,0.71109194
0.15375242,-0.22041963,-0.05269299,0.2621523
0.26982114,-0.2909319,-0.5089689,0.099984705
-0.28142118,-0.37614098,-0.23061667,-0.15952748
-0.08215672,-0.5845922,-0.22265078,-0.053730324
0.47880176,-0.12224862,-0.0698086,0.3383217
0.6654131,-0.52230686,-0.48104587,0.8081397
0.13378552,-0.24281974,-0.042564597,0.24393249
0.33943215,-0.28307363,-0.5255262,0.11735842
-0.28298798,-0.35882646,-0.22773255,-0.15027189
-0.0826373,-0.6316132,-0.2570107,-0.06094992
0.52522606,-0.12906538,-0.08561652,0.3424162
0.6654131,-0.5111211,-0.4667928,0.872919
0.114244744,-0.2602557,-0.03347357,0.22990373
0.39787826,-0.27846596,-0.5306273,0.1254005
-0.2854842,-0.34132302,-0.22367452,-0.1355496
-0.06968581,-0.6650583,-0.27869955,-0.062875785
0.5581985,-0.13069803,-0.08292149,0.34417737
0.6766254,-0.53307873,-0.4670704,0.90738183
0.09737737,-0.27054346,-0.02469955,0.22142209
0.43362942,-0.27593353,-0.5192289,0.12648949
-0.2827515,-0.3194762,-0.2105815,-0.11188646
-0.044972267,-0.6770054,-0.2809544,-0.060079698
0.5771483,-0.12225199,-0.06079533,0.35111544
0.6766254,-0.573005,-0.45167142,0.93355095
0.08642751,-0.27304268,-0.014264568,0.21765172
0.44961932,-0.26989782,-0.49021772,0.13389574
-0.2688808,-0.29087135,-0.18225802,-0.07734793
-0.017232373,-0.66254854,-0.26285622,-0.053862043
0.58812976,-0.10113504,-0.02754862,0.3706575
0.6766254,-0.58062047,-0.44115877,0.9381927
0.083396435,-0.26916048,-0.001708113,0.2176884
0.4566691,-0.25514743,-0.45341182,0.16071907
-0.24249429,-0.25769112,-0.13956393,-0.032341663
0.005067659,-0.6260966,-0.23173194,-0.045783725
0.59758306,-0.07172636,0.004210914,0.40082866
0.6761064,-0.59558743,-0.43720227,0.9415848
0.08849727,-0.26082784,0.011674067,0.22203216
0.4652598,-0.23540048,-0.41933298,0.20455605
-0.20753801,-0.22462794,-0.09212688,0.017454024
0.016951807,-0.57480055,-0.2013705,-0.038542606
0.60802186,-0.043303132,0.024225036,0.43118206
0.6761064,-0.5941338,-0.42801762,0.94674426
0.09966724,-0.24938396,0.024196133,0.23248476
0.47857934,-0.21813995,-0.39679757,0.25022647
-0.16965592,-0.19456285,-0.05105041,0.06392061
0.019199545,-0.5229442,-0.1828899,-0.03637095
0.61835694,-0.024058046,0.028015649,0.45019904
0.675019,-0.5855929,-0.40765333,0.9529133
0.114403576,-0.23552498,0.03561263,0.2505838
0.4934312,-0.21012495,-0.39067268,0.2829161
-0.13395941,-0.16739044,-0.021417746,0.100175284
0.016257923,-0.48189017,-0.18053189,-0.045093678
0.62574863,-0.016375339,0.017354323,0.4534468
0.6518277,-0.56237906,-0.36024627,0.95786387
0.13120776,-0.21937527,0.046898738,0.2758308
0.5051468,-0.21199277,-0.40199926,0.29617956
-0.10410675,-0.14145467,-0.001389117,0.12396031
0.010411828,-0.4568957,-0.19078366,-0.06396255
0.6290346,-0.0171209,-0.002150549,0.44245046
0.6094303,-0.5334983,-0.3367706,0.96436054
0.14828861,-0.20164675,0.058388006,0.30366966
0.5120508,-0.22018555,-0.42875227,0.29056728
-0.0815533,-0.11591855,0.014219456,0.13779223
0.002196233,-0.44485423,-0.20589118,-0.08755477
0.63001585,-0.021869158,-0.023157775,0.42436513
0.62698096,-0.45843688,-0.32663745,0.9735713
0.1622125,-0.18378274,0.069540426,0.32856965
0.5165733,-0.23155771,-0.46229234,0.27447832
-0.06591277,-0.09185316,0.028876161,0.14681256
-0.00847983,-0.43871272,-0.21956567,-0.11044585
0.6300916,-0.02848662,-0.041443385,0.406882
0.68393713,-0.37382582,-0.31432053,0.9892403
0.17115141,-0.16656774,0.07956651,0.347856
0.52026844,-0.24752,-0.49205494,0.25782573
-0.056368053,-0.07204804,0.042306624,0.15427889
-0.020753741,-0.4306842,-0.2314221,-0.12995075
0.63405687,-0.034390878,-0.056235608,0.40778515
0.76170003,-0.34857923,-0.3024551,0.9992527
0.17695226,-0.14881262,0.088947035,0.3627318
0.5253167,-0.27148488,-0.506715,0.26215953
-0.051130015,-0.058918938,0.052125245,0.16097414
-0.020573689,-0.41042176,-0.24628684,-0.13754144
0.64898664,-0.036324523,-0.06942649,0.45438135
0.8034206,-0.33854535,-0.3024551,1.0048729
0.18686606,-0.1281335,0.100578636,0.37870446
0.5344186,-0.30689424,-0.50188154,0.31272683
-0.04880789,-0.052531447,0.058363978,0.1664398
0.014240391,-0.37011346,-0.26970068,-0.10107635
0.69534856,-0.028642591,-0.08155902,0.5736047
0.84295416,-0.34379068,-0.3024551,1.0148652
0.20776805,-0.10362831,0.11861116,0.40196967
0.56408954,-0.35102102,-0.47821254,0.4316666
-0.04714006,-0.050094575,0.064111784,0.17074327
0.11171559,-0.3093246,-0.30426756,0.018881585
0.7859678,-0.00612742,-0.08803993,0.7417962
0.8959681,-0.35514906,-0.29803324,1.0732588
0.23907001,-0.076873295,0.14545374,0.43432394
0.63308924,-0.38574767,-0.43596897,0.5978802
-0.043535568,-0.047212426,0.0737324,0.17409219
0.25833094,-0.24063325,-0.34674546,0.19214827
0.90236026,0.030008815,-0.08504675,0.90726167
0.95946646,-0.35934508,-0.2881788,1.1157893
0.274706,-0.051449016,0.18031828,0.4725031
0.73442197,-0.3875671,-0.38344377,0.76316684
-0.036626626,-0.041133028,0.089008816,0.17542669
0.40845904,-0.17922583,-0.3887258,0.35806844
1.011823,0.06912429,-0.0744794,1.037
0.9871546,-0.36459404,-0.30420166,1.1187449
0.30741817,-0.03163529,0.21912871,0.510324
0.8384061,-0.35624832,-0.3299637,0.89505875
-0.027458306,-0.03298819,0.106295444,0.17199029
0.52930313,-0.13535376,-0.4263973,0.48228493
1.093146,0.0973809,-0.06175234,1.1220946
0.98872465,-0.36599568,-0.30685133,1.0787935
0.33279282,-0.020770282,0.25587693,0.54212636
0.91972286,-0.31847996,-0.28281218,0.98280984
-0.019212637,-0.026412286,0.118720405,0.16047175
0.6106388,-0.112918705,-0.4608784,0.56043124
1.1416252,0.10619192,-0.043392427,1.1680716
0.98872465,-0.36474282,-0.30506027,1.0246298
0.34998465,-0.019812502,0.2870804,0.5642291
0.97003627,-0.3016203,-0.23204312,1.0314744
-0.015643945,-0.023994787,0.12009311,0.138392
0.65535665,-0.10919786,-0.49643457,0.59921914
1.1638563,0.09679887,-0.009744487,1.1879262
0.98872465,-0.3478618,-0.30103788,1.0189198
0.3592558,-0.026947062,0.31212598,0.57559687
0.9932534,-0.31082973,-0.16575564,1.0533285
-0.019204708,-0.026556754,0.10942524,0.10626407
0.6755457,-0.11870885,-0.53004605,0.61361706
1.1706396,0.08006259,0.042707477,1.1961287
0.98872465,-0.33140656,-0.2653042,1.0189198
0.3615647,-0.037800312,0.33249688,0.577614
0.9992798,-0.3326763,-0.0838103,1.0628436
-0.029721793,-0.033537928,0.091434374,0.06846085
0.6838981,-0.13219318,-0.55464953,0.6181864
1.1723285,0.07137672,0.10517805,1.2024915
0.98872465,-0.32982618,-0.23773769,1.0189198
0.35896006,-0.04629433,0.34940118,0.57326704
0.9987021,-0.3494977,0.000561996,1.0690256
-0.043581776,-0.04501168,0.074471354,0.032485697
0.6902349,-0.1358288,-0.5642664,0.6250519
1.1746925,0.08386247,0.16202717,1.2108226
0.98872465,-0.30691877,-0.23531482,1.0189198
0.3551507,-0.04673152,0.36271933,0.56652033
0.9981805,-0.3541659,0.07046193,1.075061
-0.055187434,-0.061429705,0.06440692,0.003857615
0.69841146,-0.11317927,-0.5590051,0.63970137
1.1800278,0.122284494,0.20418724,1.2210274
0.98872465,-0.30395588,-0.21047252,1.0189198
0.354567,-0.03628508,0.3716141,0.5612008
1.0001854,-0.35029912,0.118732944,1.0799146
-0.06008899,-0.08314367,0.06045638,-0.018499075
0.71031314,-0.05609348,-0.54388994,0.6641619
1.1883653,0.17929138,0.22980352,1.2321575
0.98872465,-0.3092666,-0.19422773,1.0189198
0.360177,-0.016993852,0.37621066,0.55988526
1.0046487,-0.34261483,0.145138,1.0829152
-0.057746474,-0.10899427,0.05817336,-0.040962644
0.7261046,0.023971964,-0.5219194,0.6957789
1.1978896,0.24047154,0.24279176,1.2427771
0.9832517,-0.31772515,-0.1948531,1.0150038
0.36999896,0.004832432,0.3785396,0.56161505
1.0095227,-0.3291963,0.15524699,1.0841814
-0.05128987,-0.13571982,0.054489408,-0.06846073
0.7443251,0.10417534,-0.49579963,0.7283969
1.2048362,0.29152024,0.24835357,1.2496394
0.9701504,-0.34918812,-0.1861893,1.011944
0.3784801,0.022315698,0.3818131,0.56312054
1.0111123,-0.31028202,0.15535489,1.0818269
-0.045261826,-0.15976606,0.049644973,-0.101565145
0.76096785,0.16649556,-0.46662378,0.75547147
1.204235,0.32338497,0.25122604,1.2475544
0.9675281,-0.36992565,-0.18780693,1.011944
0.3786237,0.030352801,0.38754472,0.56015915
1.0049415,-0.2900616,0.15105698,1.0715318
-0.04173598,-0.1793361,0.044974364,-0.13692369
0.77010113,0.20217635,-0.43494704,0.77029586
1.1881386,0.33264837,0.2533507,1.228112
0.95101327,-0.39902374,-0.18780693,1.011944
0.36694685,0.028031958,0.39415723,0.5493979
0.9830752,-0.27914906,0.14461479,1.0439738
-0.041105296,-0.19548802,0.040762708,-0.17164163
0.76373756,0.2109075,-0.4012947,0.7666508
1.1484612,0.32085815,0.25430226,1.1830947
0.90578634,-0.393994,-0.18780693,1.0096873
0.34504944,0.018695662,0.3976478,0.5302638
0.9358674,-0.28821605,0.13632305,0.9881478
-0.042685628,-0.21083261,0.03489121,-0.20303404
0.73625803,0.19823253,-0.3693315,0.74139357
1.081645,0.29312187,0.2530544,1.1093915
0.8492747,-0.393994,-0.18780693,0.99493647
0.3179533,0.008078031,0.393611,0.504388
0.85644794,-0.32544085,0.1253774,0.8945516
-0.04661691,-0.22706456,0.024084758,-0.22877592
0.68867964,0.17354757,-0.3408928,0.7007214
0.99439657,0.25797188,0.2493174,1.0164298
0.7553784,-0.393994,-0.18974833,0.94480205
0.29141107,0.001406962,0.3795897,0.47477463
0.7474257,-0.3892277,0.1111477,0.7610202
-0.054270927,-0.2441306,0.007337552,-0.24505906
0.6316088,0.14709404,-0.31530896,0.66441846
0.907648,0.22552401,0.24331687,0.93165547
0.6047863,-0.39244816,-0.18974833,0.84617496
0.26985368,0.000761583,0.35654205,0.44626758
0.62721115,-0.46927133,0.09365662,0.6008295
-0.06711419,-0.26023218,-0.013606103,-0.2505203
0.5849997,0.12756403,-0.2920443,0.6585078
0.85075706,0.20440423,0.23178963,0.8878053
0.44136742,-0.39066488,-0.20120546,0.7024674
0.25538328,0.004978696,0.32859948,0.4250062
0.5276494,-0.54304326,0.06854702,0.44400036
-0.084954515,-0.2727052,-0.034549214,-0.24893972
0.57073647,0.11881289,-0.27222878,0.69404566
0.83800334,0.1976945,0.20934759,0.8890034
0.3251097,-0.39066488,-0.21852705,0.5892272
0.24875711,0.010575216,0.3017086,0.41543877
0.47166157,-0.5904769,0.028193854,0.3208688
-0.10524413,-0.27845848,-0.051227074,-0.24444568
0.5937349,0.12048981,-0.2578224,0.7521406
0.85691863,0.20058607,0.17281328,0.9089643
0.31292376,-0.3949146,-0.23347436,0.586535
0.24892499,0.01406392,0.28075242,0.41663653
0.45136648,-0.6142375,-0.03401348,0.22620103
-0.12409358,-0.27649292,-0.06151984,-0.23734808
0.6400715,0.1283818,-0.2486813,0.80790627
0.8857814,0.2047111,0.12517847,0.9248011
0.4032988,-0.3949146,-0.2584102,0.5940819
0.252182,0.012731433,0.26700717,0.42220545
0.44626307,-0.62509394,-0.11849974,0.14089851
-0.13907605,-0.2681749,-0.06743626,-0.22500484
0.6895928,0.13516228,-0.24194622,0.8467611
0.9109599,0.20087247,0.07847699,0.9286756
0.4884255,-0.3918481,-0.31464893,0.5958253
0.252224,0.004230437,0.2586251,0.4240223
0.44514558,-0.62585235,-0.21131869,0.055326283
-0.15087754,-0.2568671,-0.07268572,-0.20541552
0.72910285,0.13078645,-0.23408566,0.86626375
0.9248743,0.18000561,0.04608928,0.9224183
0.50651187,-0.38721848,-0.35438916,0.60668105
0.24401104,-0.012446356,0.2530013,0.41741338
0.44237018,-0.6166802,-0.28967077,-0.019142974
-0.16292743,-0.2451072,-0.07817231,-0.18053517
0.7514497,0.1044382,-0.2227835,0.8696543
0.92557675,0.13661207,0.03471381,0.9113316
0.50424486,-0.3804761,-0.31771296,0.63786405
0.22569916,-0.03616202,0.24792579,0.40328494
0.4332693,-0.6017344,-0.33158684,-0.07004585
-0.1764261,-0.23161699,-0.08225616,-0.15510927
0.75688404,0.049012583,-0.20958559,0.86345476
0.915479,0.0715319,0.040627494,0.9030698
0.499133,-0.38016754,-0.27781847,0.6848711
0.20208345,-0.06274184,0.24125876,0.38700795
0.4171374,-0.5915913,-0.33282605,-0.07613806
-0.18834484,-0.21332188,-0.08056786,-0.1311255
0.74962133,-0.03482199,-0.19834784,0.8549394
0.90101355,-0.004807894,0.05701327,0.90606743
0.49658334,-0.39740354,-0.23330349,0.7452834
0.18441828,-0.08567511,0.23081774,0.37600356
0.40080312,-0.58819664,-0.30249354,-0.011415347
-0.19248913,-0.18841577,-0.06764632,-0.106857724
0.7360223,-0.13615312,-0.19248746,0.85009325
0.8986438,-0.06051778,0.07843697,0.93413156
0.4906862,-0.3978378,-0.18298118,0.7670956
0.18695617,-0.09795881,0.21650007,0.37370574
0.41915166,-0.5630967,-0.25168908,0.15003785
-0.18436009,-0.15647413,-0.032187883,-0.07943435
0.7237331,-0.22441879,-0.1953245,0.8561291
0.9096765,-0.039106958,0.10287723,0.94764787
0.48904788,-0.3733748,-0.17205985,0.7670956
0.18820366,-0.09520041,0.20182925,0.37927145
0.43189135,-0.44574133,-0.19049299,0.1646261
-0.18500333,-0.119308315,0.034613572,-0.061936807
0.73391676,-0.2552547,-0.20595008,0.8694342
0.9205835,0.12968676,0.12926254,0.96339077
0.48904788,-0.34330505,-0.16037819,0.7670956
0.1944075,-0.07868598,0.19393098,0.38517293
0.4451262,-0.16487478,-0.13068797,0.18010364
-0.18387777,-0.0815346,0.12729684,-0.04586248
0.74365777,-0.1779095,-0.21714248,0.8852294
0.9260682,0.39870143,0.15689808,0.9776429
0.48904788,-0.28354555,-0.16137962,0.7670956
0.201194,-0.055201963,0.198475,0.3867926
0.4489912,0.17208612,-0.08045452,0.19349225
-0.1830436,-0.0488628,0.2263777,-0.03304938
0.74995476,0.007814571,-0.21877699,0.89965165
0.92271674,0.661904,0.18490802,0.9861565
0.48904788,-0.20814005,-0.16254923,0.7670956
0.20491011,-0.032457884,0.21433428,0.3817908
0.4347835,0.46717337,-0.042453542,0.20444936
-0.18295237,-0.025225425,0.3119319,-0.024557685
0.7519322,0.2198205,-0.20489182,0.907683
0.9109862,0.8698287,0.2110542,0.98425853
0.48904788,-0.15013358,-0.16254923,0.7670956
0.2042612,-0.014760319,0.23438597,0.3696526
0.40066084,0.6910434,-0.014927371,0.21690615
-0.18209504,-0.011729008,0.37386543,-0.01924964
0.7505911,0.39804602,-0.18075937,0.9028849
0.8929933,1.0151062,0.23233838,0.9684283
0.48904788,-0.11303449,-0.16254923,0.7670956
0.1992147,-0.002682559,0.25048986,0.35057417
0.353808,0.8457457,0.003438425,0.2363688
-0.17814285,-0.007438261,0.4122261,-0.013502347
0.74489665,0.5242022,-0.15523493,0.8794112
0.8682988,1.1051846,0.2476298,0.9390833
0.48904788,-0.112979025,-0.14909491,0.76024294
0.18982963,0.005424716,0.2581145,0.32527184
0.31190503,0.94250053,0.016027857,0.26627254
-0.17010215,-0.010336421,0.43283272,-0.004889532
0.7270048,0.59993947,-0.13607919,0.83537966
0.83355457,1.15271,0.25795645,0.9028406
0.48904788,-0.112979025,-0.13568817,0.7445913
0.17663746,0.010453565,0.25704655,0.29631427
0.29446837,0.99522454,0.0259793,0.3056519
-0.15989277,-0.018487556,0.44360092,0.00440693
0.68541765,0.6358003,-0.12522057,0.7762659
0.78280187,1.1725267,0.26522428,0.873621
0.48904788,-0.112979025,-0.12989275,0.7176818
0.16197677,0.01182975,0.25063953,0.26978034
0.2995319,1.0190052,0.035789102,0.35368407
-0.15053971,-0.02993823,0.45032904,0.008849801
0.60975266,0.6464098,-0.121578924,0.7174521
0.7145141,1.1785082,0.27020398,0.8682548
0.48270082,-0.11358345,-0.12988746,0.6886033
0.15190476,0.009948446,0.24240187,0.25346664
0.31126627,1.0277385,0.046484046,0.41326043
-0.1428606,-0.041928142,0.45550022,0.004738512
0.4961682,0.6458317,-0.12494432,0.6806624
0.6406587,1.179503,0.27272326,0.8971402
0.41141084,-0.11580579,-0.126285,0.66073984
0.15415595,0.006824634,0.2349041,0.25364417
0.32276735,1.0302835,0.057678115,0.494992
-0.1310909,-0.051717106,0.45906138,-0.00470704
0.35585976,0.6430686,-0.13562627,0.6780745
0.6406587,1.1790725,0.27274418,0.8971402
0.41141084,-0.11583823,-0.126285,0.66073984
0.15415595,0.004943335,0.22882184,0.25364417
0.32276735,1.0306691,0.068608955,0.494992
-0.1310909,-0.05908022,0.46046683,-0.00470704
0.35585976,0.6406413,-0.15319915,0.6780745
0.6406587,1.1784824,0.27079922,0.8971402
0.41141084,-0.11397465,-0.126285,0.66073984
0.15415595,0.005521364,0.22394732,0.25364417
0.32276735,1.0304726,0.07743871,0.494992
-0.1310909,-0.06650116,0.45946226,-0.00470704
0.35585976,0.6390833,-0.17371637,0.6780745
0.6406587,1.1779305,0.2685282,0.8971402
0.41141084,-0.09657729,-0.126285,0.66073984
0.15415595,0.006594484,0.21948269,0.25364417
0.32276735,1.0300257,0.08283439,0.494992
-0.1310909,-0.07700109,0.4554286,-0.00470704
0.35585976,0.6382726,-0.19000241,0.6780745
0.6406587,1.1768173,0.26636064,0.8971402
0.41141084,-0.07018978,-0.12817417,0.66073984
0.15415595,0.003800433,0.21357368,0.25364417
0.32276735,1.0289061,0.08241427,0.494992
-0.1310909,-0.094121,0.44442597,-0.00470704
0.35585976,0.63717544,-0.19546416,0.6780745
0.47190204,1.1731586,0.265938,0.7240843
0.8489241,-0.035894252,-0.15198125,0.89903605
0.15227997,-0.007393329,0.2037536,0.36949658
0.11551217,1.0251703,0.07877877,0.4551064
-0.2758351,-0.12079773,0.41944626,-0.20987509
0.21996632,0.6337066,-0.18985915,0.38844687
0.53450876,1.1600534,0.27195126,0.78893256
1.026816,0.052633725,-0.19323456,0.95892924
0.15549593,-0.028713634,0.18740103,0.41958487
0.15029085,1.011812,0.08188589,0.47016105
-0.28128237,-0.15816446,0.37293583,-0.19549794
0.30326504,0.6212241,-0.17850244,0.50494766
0.6303293,1.1255205,0.29688692,0.8856293
1.1528009,0.14848225,-0.25056076,0.9784895
0.16144629,-0.05758125,0.16407293,0.4509534
0.21171987,0.9775654,0.114019915,0.57114196
-0.27607226,-0.20396581,0.30055508,-0.19407718
0.42173317,0.58598655,-0.16699201,0.59765214
0.72559327,1.0553403,0.3491159,1.0080262
1.2165043,0.24678504,-0.27921626,0.984165
0.171142,-0.08816812,0.13695519,0.46411684
0.26865858,0.90824324,0.18752271,0.7366942
-0.26157466,-0.25227135,0.20557274,-0.19979072
0.5390456,0.51368546,-0.15853958,0.67511755
0.80287427,0.9373645,0.4218736,1.1309144
1.2514418,0.28829557,-0.26790637,0.98417723
0.18332246,-0.11524289,0.1127359,0.46295074
0.31675154,0.79139733,0.28617302,0.9030883
-0.24189962,-0.29472712,0.101668335,-0.20469321
0.63121474,0.39289415,-0.149414,0.74178916
0.85786355,0.7661587,0.4971844,1.229315
1.2787517,0.29403016,-0.25472197,0.98417723
0.19459343,-0.13732083,0.0979525,0.45483157
0.3589384,0.62042546,0.38198042,1.0302567
-0.22287117,-0.3247826,0.008929868,-0.2052466
0.692277,0.22110201,-0.13546194,0.7947768
0.89607155,0.5533014,0.55902535,1.2927358
1.287474,0.28647506,-0.24306478,0.9877232
0.20242392,-0.15450314,0.09435045,0.44664928
0.40482923,0.4021075,0.45503852,1.1089385
-0.20897725,-0.34093258,-0.05872148,-0.20297459
0.72687227,0.021645347,-0.11273719,0.8306283
0.9286599,0.35138687,0.6012257,1.322664
1.287474,0.26646137,-0.24306478,0.9934754
0.20663571,-0.16626348,0.099450216,0.44281664
0.45328417,0.1776353,0.49978587,1.1439652
-0.20101464,-0.34513462,-0.10584185,-0.20149231
0.7516933,-0.13045187,-0.08008331,0.85071117
0.96236813,0.24700446,0.62554574,1.3275949
1.287474,0.26517084,-0.26036808,0.9934754
0.20929357,-0.17109954,0.10953357,0.44416386
0.5020187,0.029194012,0.5202445,1.146814
-0.19795866,-0.33922145,-0.14539659,-0.20141913
0.7776416,-0.15706427,-0.04139212,0.8597037
0.99600285,0.25005594,0.6376655,1.3185045
1.287474,0.26517084,-0.27257144,0.9934754
0.21326102,-0.17018946,0.12390443,0.44772667
0.54314846,-0.009031219,0.52432644,1.1304841
-0.19931276,-0.32661632,-0.18577003,-0.20132476
0.80725,-0.09740491,-0.001177095,0.8643012
1.0230503,0.29229608,0.64275306,1.3045604
1.287474,0.27700967,-0.22200888,0.9934754
0.2213602,-0.16849089,0.14277816,0.4512777
0.5745404,0.009017504,0.51924956,1.1063145
-0.2042872,-0.31147957,-0.22598802,-0.20039995
0.83191395,-0.027241958,0.036358725,0.8686216
1.0389177,0.33312008,0.6446659,1.2894527
1.287474,0.27700967,-0.1954543,0.9934754
0.23402303,-0.16928354,0.16536719,0.45374456
0.59212875,0.034463435,0.5110774,1.0805539
-0.21239714,-0.29955518,-0.26198748,-0.2004414
0.846827,0.029703682,0.067567326,0.8713337
1.0630842,0.36340758,0.64489883,1.2926689
1.287474,0.27700967,-0.13512424,0.9781124
0.2542957,-0.17228436,0.18802169,0.46832526
0.61249393,0.051008366,0.5028049,1.0726429
-0.22251515,-0.29495156,-0.29294437,-0.1993132
0.8730939,0.07345675,0.09057864,0.89198035
1.0902632,0.38755482,0.6436119,1.2965846
1.287474,0.27700967,-0.09913649,0.97842187
0.27611512,-0.17311662,0.20654336,0.47662866
0.642183,0.060294554,0.495563,1.0713632
-0.2317346,-0.29984528,-0.32065144,-0.20749058
0.8988892,0.11126068,0.1043093,0.903655
1.1214092,0.40946886,0.64060235,1.2996869
1.287474,0.27700967,-0.08535294,0.9890734
0.29620644,-0.16817777,0.2188819,0.4769457
0.6789447,0.066458054,0.48908213,1.0765133
-0.23669893,-0.31242225,-0.34628096,-0.22464012
0.92689407,0.1467169,0.109728955,0.9037266
1.1521938,0.42803064,0.63493085,1.3020102
1.287474,0.27700967,-0.08535294,0.97654945
0.31209895,-0.15838309,0.22500286,0.46786645
0.7196197,0.07066824,0.48115197,1.0873165
-0.23336647,-0.3282817,-0.36704683,-0.24216355
0.95198935,0.176858,0.10942029,0.8931117
1.1743848,0.43930122,0.6242385,1.3027815
1.287474,0.27700967,-0.08535294,0.97126484
0.32331237,-0.14857827,0.22617875,0.45075646
0.7536328,0.07220633,0.46795115,1.0997024
-0.22190781,-0.3434818,-0.38117108,-0.24799672
0.96710455,0.19560057,0.10457527,0.8750723
1.1828326,0.4398035,0.6018634,1.2961965
1.2858169,0.27700967,-0.08535294,0.94721067
0.33099556,-0.14267546,0.2239111,0.4308771
0.77607757,0.06769178,0.44053736,1.1027526
-0.2061755,-0.35589966,-0.38939896,-0.22800526
0.9667626,0.19984104,0.09361467,0.85182935
1.1762259,0.4293785,0.55969685,1.2735233
1.2423012,0.26911867,-0.08535294,0.9074953
0.33513397,-0.14155176,0.22036995,0.41565126
0.78438985,0.054318156,0.38761276,1.0836568
-0.19097108,-0.3654542,-0.39476457,-0.17952923
0.9502597,0.19157834,0.0744486,0.8227072
1.1580604,0.41119993,0.49134672,1.2271607
1.1271034,0.22533289,-0.08535294,0.86528665
0.33587036,-0.14317009,0.21696658,0.40995622
0.7804188,0.0307556,0.29930463,1.0329366
-0.17970443,-0.3722174,-0.39931232,-0.1155635
0.9221325,0.17728311,0.044470288,0.78418076
1.1345569,0.3886865,0.39645004,1.1563349
1.039916,0.11282289,-0.083295114,0.85882074
0.33415115,-0.14486197,0.21387652,0.41258466
0.7688247,-0.003065078,0.17096415,0.9497257
-0.17341305,-0.3763332,-0.40229085,-0.053963173
0.8898277,0.16266261,0.003909269,0.7344834
1.1096208,0.3625552,0.28421614,1.0694985
0.9873386,-0.002542615,-0.042982593,0.85882074
0.3308239,-0.14686428,0.21011306,0.41719195
0.75128657,-0.04609236,0.00995102,0.8443997
-0.17073573,-0.37893802,-0.40248013,-0.006486683
0.8592077,0.14770094,-0.045337185,0.6763885
1.0820311,0.32903492,0.17186071,0.983539
0.9284865,-0.06495768,0.00973377,0.8504904
0.32640335,-0.1514558,0.2034642,0.41772902
0.7286886,-0.100071646,-0.15710926,0.7404101
-0.17063574,-0.38276255,-0.39963847,0.02314881
0.8276844,0.12678681,-0.10291867,0.6156833
1.0477349,0.28229165,0.07685124,0.9144722
0.87707394,-0.0942981,0.03271595,0.84327143
0.3205557,-0.16014092,0.19156738,0.4112755
0.6998692,-0.16793206,-0.28891551,0.663679
-0.17148748,-0.39104846,-0.39535898,0.037531212
0.7889776,0.09209996,-0.16785173,0.5566249
1.0052484,0.2207785,0.00696459,0.8655609
0.85205454,-0.11897316,0.03271595,0.84176195
0.31354868,-0.17014396,0.17300518,0.40050292
0.66673416,-0.25142124,-0.35688213,0.6239202
-0.1705278,-0.4050699,-0.38983142,0.041915126
0.7387229,0.04220541,-0.23919699,0.49571392
0.96063304,0.15120466,-0.038042244,0.82832617
0.8315208,-0.13199309,0.03271595,0.8412115
0.30600736,-0.17498945,0.14784195,0.3900245
0.6335139,-0.34139144,-0.3651931,0.6112866
-0.16522661,-0.4230009,-0.38202745,0.041598856
0.68421334,-0.017351164,-0.3144337,0.42307115
0.92507166,0.08387323,-0.063391395,0.79738855
0.8092253,-0.17985421,0.031834494,0.8412115
0.29975352,-0.169896,0.117685586,0.38322267
0.60870594,-0.4210353,-0.34598765,0.6130913
-0.15429208,-0.43942252,-0.36856523,0.04126826
0.6388542,-0.07896388,-0.38367236,0.33622834
0.903617,0.02342777,-0.07180092,0.77431154
0.8377909,-0.24500184,0.024148172,0.83645743
0.29720616,-0.1559371,0.085912175,0.38005105
0.5966535,-0.4779916,-0.31976953,0.622211
-0.1380853,-0.44884905,-0.34689304,0.04502036
0.6084406,-0.1410059,-0.4332895,0.24482511
0.88910604,-0.03481957,-0.06975301,0.756156
0.8533291,-0.24448328,0.001211707,0.83318585
0.3027313,-0.1396827,0.057626378,0.37934855
0.59143573,-0.5160399,-0.3012997,0.6259308
-0.11972129,-0.44837013,-0.31814498,0.05446248
0.58469015,-0.2088757,-0.4535405,0.16958013
0.8730845,-0.09359766,-0.062175952,0.73715776
0.83524513,-0.245106,-0.04494456,0.82025373
0.31878343,-0.12677993,0.03720387,0.37988383
0.59066707,-0.54403216,-0.29466236,0.6145636
-0.103585646,-0.43994007,-0.2856596,0.06970285
0.5526084,-0.28367352,-0.44463262,0.12798704
0.8570805,-0.13912545,-0.05012014,0.7105147
0.8901279,-0.24051404,-0.052750874,0.787107
0.34419796,-0.118327506,0.026950756,0.38395786
0.5993746,-0.55794066,-0.2922889,0.5803495
-0.09400556,-0.42851704,-0.25599614,0.08610836
0.50792074,-0.3475948,-0.4192587,0.123767026
0.85414624,-0.15019932,-0.030256925,0.67464995
0.9432257,-0.2299641,-0.042862717,0.749842
0.37277833,-0.11120203,0.024897743,0.3927777
0.6288279,-0.5502473,-0.28066024,0.5211018
-0.092488006,-0.41695014,-0.23120877,0.09858018
0.46135908,-0.3706484,-0.38860372,0.14859582
0.87160975,-0.12353818,0.000606705,0.6368349
0.9444603,-0.22657801,-0.028612573,0.7242853
0.39709923,-0.10257899,0.026787791,0.40443048
0.6751152,-0.5227149,-0.25203955,0.44468248
-0.0987566,-0.40777284,-0.21104123,0.1005433
0.43262663,-0.3445644,-0.35488114,0.19015688
0.9045361,-0.0808322,0.042337097,0.6115192
0.9446849,-0.22657801,-0.025082247,0.7150792
0.41339365,-0.091119155,0.026297167,0.41328597
0.7251699,-0.49495554,-0.21239434,0.36657083
-0.1111885,-0.40277833,-0.19380614,0.08736818
0.43389168,-0.29221767,-0.3105227,0.24607663
0.9392865,-0.042407975,0.091498144,0.60937476
0.9446849,-0.21937561,-0.023379553,0.71171063
0.42216918,-0.07787379,0.020013811,0.41546625
0.7636076,-0.47830287,-0.17075369,0.30346912
-0.12854736,-0.40414935,-0.17916045,0.05792591
0.46133927,-0.24067937,-0.25211504,0.31316623
0.9673527,-0.010388737,0.14329818,0.6293859
0.9446849,-0.2087351,-0.023379553,0.7028774
0.42679325,-0.06372407,0.009255561,0.41134772
0.78405863,-0.465859,-0.13195993,0.2617573
-0.14750493,-0.41042706,-0.16845073,0.017703505
0.50428826,-0.19772418,-0.18513007,0.38608652
0.9894369,0.02430831,0.19420953,0.6632165
0.9446849,-0.2025029,-0.023379553,0.69825804
0.43111593,-0.049022794,-0.002169406,0.404936
0.79212826,-0.43379024,-0.09092402,0.2425633
-0.16414185,-0.41644284,-0.1621616,-0.023731815
0.5518732,-0.16161616,-0.12332096,0.4558757
1.0099065,0.06892784,0.24131355,0.6995465
0.9446849,-0.2025029,-0.02829235,0.7097818
0.4374043,-0.033861753,-0.009846203,0.40026367
0.7970154,-0.3669123,-0.04472669,0.24274199
-0.17746475,-0.41774917,-0.15990566,-0.05661325
0.59817386,-0.12937523,-0.07524215,0.51292896
1.0327283,0.120947205,0.2829324,0.7317398
0.9446849,-0.2025029,-0.053312667,0.7282873
0.44647545,-0.019352457,-0.011674021,0.3988671
0.8068699,-0.27842686,0.003264231,0.2549235
-0.1858318,-0.4140276,-0.15989697,-0.078369506
0.64073426,-0.09994812,-0.04056477,0.55549604
1.0567216,0.17287923,0.32061556,0.75819016
0.94504344,-0.20403528,-0.08136059,0.75288606
0.4584812,-0.007469383,-0.007827343,0.39823908
0.8217112,-0.19327961,0.046816744,0.2705724
-0.1885485,-0.4095622,-0.15979598,-0.091205195
0.677805,-0.07152729,-0.009467983,0.58725345
1.077677,0.21977241,0.3571978,0.77981186
0.945148,-0.20530018,-0.11812564,0.7616549
0.4722434,-8.42E-06,0.002437103,0.3942764
0.8344515,-0.1287924,0.08261425,0.27600035
-0.185138,-0.40897876,-0.15562229,-0.09854048
0.70995,-0.038416095,0.02800586,0.61647487
1.0924158,0.26135567,0.39411098,0.79879725
0.946385,-0.21099858,-0.10936632,0.77906275
0.48616767,0.004588402,0.022601563,0.386755
0.8422261,-0.08726943,0.11119199,0.27244633
-0.17591363,-0.41409382,-0.14109172,-0.10110708
0.73379487,0.003216125,0.07418175,0.6453749
1.1071846,0.30195647,0.42942685,0.8303876
0.9479376,-0.22244349,-0.07031208,0.78403
0.4967365,0.010675661,0.055886213,0.37316734
0.85435975,-0.060255907,0.13498613,0.2946416
-0.17062457,-0.4223281,-0.10708274,-0.102634266
0.75192314,0.054544345,0.12170609,0.68088555
1.1144814,0.3573278,0.46170583,0.8467615
0.94770765,-0.22609395,-0.043096893,0.78403
0.49626014,0.024754226,0.100782886,0.3678102
0.86484903,-0.020339128,0.15911627,0.28261656
-0.17760155,-0.42744324,-0.044974614,-0.10158536
0.75514424,0.12141803,0.1622298,0.70841134
1.1184423,0.4538154,0.49136952,0.8648926
0.9348445,-0.15548903,-0.004597309,0.7756677
0.48836282,0.0526057,0.15147011,0.3628616
0.8688313,0.07693043,0.18827477,0.27231866
-0.18622115,-0.4218303,0.045783218,-0.10674048
0.7590774,0.21734062,0.1923945,0.73674524
1.1177669,0.59418386,0.5194509,0.88408536
0.9261987,0.034914143,0.03705975,0.7664456
0.47261432,0.09436078,0.20014606,0.35690233
0.85988206,0.23944685,0.2228373,0.26992404
-0.19531007,-0.40098843,0.15187305,-0.11934445
0.7688278,0.34094414,0.2139592,0.7631066
1.1099155,0.7460198,0.54517156,0.90258014
0.89160264,0.17102724,0.04293773,0.76505303
0.45132193,0.142597,0.24201193,0.34740248
0.8305785,0.42125812,0.2568357,0.27997974
-0.20378895,-0.36885935,0.25220823,-0.13950637
0.78605175,0.4674915,0.23106523,0.78427786
1.0947634,0.8751933,0.5659516,0.9190187
0.7938836,0.22245748,0.04293773,0.73265743
0.43049064,0.18691042,0.27522606,0.33359736
0.7787126,0.57589805,0.2836659,0.30264062
-0.21035881,-0.33500373,0.3314821,-0.16473319
0.80825216,0.5724216,0.24533169,0.7987496
1.0769413,0.9667357,0.578917,0.929779
0.6727992,0.22245748,0.04293773,0.70712996
0.4173358,0.21957937,0.30213678,0.31838796
0.71273834,0.68590546,0.2995896,0.33127612
-0.21307547,-0.30819374,0.38396686,-0.19236247
0.8310511,0.6445205,0.2550426,0.803648
1.0655586,1.0206723,0.58348125,0.9328439
0.542649,0.22245748,0.032976784,0.70712996
0.4162021,0.23850124,0.32553834,0.30637965
0.6569715,0.7521424,0.30324602,0.3579064
-0.20755208,-0.29096806,0.41248995,-0.21889743
0.8506655,0.684512,0.26061055,0.7984745
1.0667608,1.045199,0.5812536,0.9278625
0.47597662,0.22245748,0.027527237,0.70712996
0.42620513,0.24635163,0.346514,0.29832664
0.63951504,0.78374463,0.29660878,0.37820864
-0.19298752,-0.2824044,0.42483714,-0.24521026
0.8634051,0.70062226,0.26319584,0.78394884
1.0788503,1.0519953,0.57423705,0.9160839
0.47247124,0.22245748,0.027527237,0.70712996
0.4438621,0.24805468,0.364655,0.29182225
0.6606299,0.7937903,0.28072718,0.3880665
-0.17235126,-0.27867964,0.42961437,-0.2709122
0.87001395,0.70345074,0.26555437,0.7633657
1.0944321,1.0505552,0.5639572,0.9033221
0.4665617,0.22245748,0.027527237,0.70712996
0.46667215,0.24813695,0.37846053,0.2824463
0.6966191,0.7927666,0.2572494,0.38915837
-0.14279309,-0.27444828,0.43242326,-0.2912046
0.87249863,0.7014975,0.26853174,0.74463093
1.1048234,1.0455145,0.550407,0.89728737
0.43549684,0.2223862,0.027527237,0.7064936
0.4939508,0.2490598,0.38686082,0.26749834
0.7196972,0.7860631,0.22849898,0.39073667
-0.10704527,-0.26476747,0.43528333,-0.29290542
0.87421703,0.6984996,0.26929724,0.7351953
1.0401567,1.0394409,0.53244466,0.8990141
0.44755352,0.2223862,0.027527237,0.69606495
0.48598805,0.25083846,0.38993034,0.302757
0.6466904,0.7775725,0.1969504,0.36353278
-0.03534955,-0.24718556,0.43840495,-0.1786039
0.81529975,0.6953647,0.26334387,0.74940324
0.96945953,1.0331984,0.5084316,0.8947292
0.4883317,0.2223862,0.027527237,0.6799471
0.45661545,0.25285068,0.38836136,0.35475144
0.5813609,0.7696308,0.16464461,0.3686094
0.025006255,-0.22412775,0.44086006,-0.076952726
0.7409238,0.6911667,0.24632382,0.74120885
0.8907736,1.0270774,0.47727838,0.87144995
0.53700596,0.22230025,0.02576444,0.66141933
0.3916695,0.25226566,0.3820919,0.40491834
0.53171325,0.7637556,0.13305217,0.37668353
0.06353847,-0.2005934,0.4402463,-0.009168733
0.640926,0.68475103,0.2155342,0.7039195
0.7506,1.0204102,0.4404887,0.7678041
0.49401188,0.22118706,0.017582722,0.7018617
0.28809133,0.24594283,0.3697387,0.4651507
0.393221,0.759684,0.102970056,0.26253936
0.089976385,-0.18205999,0.43233722,0.058336224
0.4994403,0.6749498,0.17311785,0.60512894
0.76386535,1.009535,0.39977255,0.7277753
0.513675,0.219589,0.001290065,0.82091665
0.26252097,0.23164403,0.3494776,0.49309012
0.41662404,0.7535938,0.07132991,0.26519966
0.073816456,-0.1719747,0.41166627,0.11041328
0.504599,0.6581868,0.12452718,0.54422426
0.78873986,0.9845427,0.35556242,0.7090233
0.52819186,0.21786371,-0.011819428,0.9013011
0.24581628,0.20805258,0.3203837,0.54362565
0.44489163,0.73524743,0.032200914,0.2887352
0.05368136,-0.17237498,0.3713241,0.18706019
0.5266828,0.6247712,0.07577156,0.5014589
0.8168586,0.9308237,0.30507123,0.718887
0.5352177,0.21610507,-0.02425178,0.9454479
0.24248125,0.17470795,0.28428844,0.601087
0.4735228,0.6897846,-0.023322003,0.3439458
0.035325207,-0.18444748,0.3049132,0.26091167
0.55437666,0.5601672,0.029782122,0.48099986
0.8394094,0.83321804,0.24516788,0.7499812
0.53999543,0.21024667,-0.064461805,0.959279
0.25146517,0.13297573,0.24566928,0.6460221
0.49615422,0.60066384,-0.099998735,0.42152503
0.022984019,-0.20730318,0.2099552,0.31259426
0.57686055,0.45085707,-0.015800105,0.47474787
0.8506332,0.68069124,0.17594741,0.7842142
0.54427475,0.14926702,-0.14650908,0.959279
0.26823497,0.088029124,0.21114345,0.66795677
0.50763476,0.45478532,-0.19612138,0.49590898
0.018228129,-0.23673323,0.09223928,0.3366228
0.5878709,0.2887668,-0.06404673,0.47007537
0.84973174,0.47156027,0.10157252,0.8063335
0.5514462,-0.015513401,-0.22843906,0.959279
0.28576255,0.048498206,0.18496296,0.6682116
0.5059109,0.24607255,-0.3001882,0.54748946
0.019432973,-0.2656624,-0.028934088,0.33749777
0.587652,0.07902215,-0.11774762,0.45857438
0.83862364,0.22934477,0.026928524,0.81003326
0.55523634,-0.26363218,-0.33855176,0.959279
0.29875267,0.02210539,0.1676844,0.6549031
0.49251217,-0.012346105,-0.3906072,0.56912196
0.023263348,-0.287905,-0.12418069,0.32411897
0.57843244,-0.14043479,-0.182331,0.43920445
0.82170504,0.024944644,-0.044400793,0.7977873
0.55523634,-0.41057453,-0.42834952,0.959279
0.30456397,0.010026459,0.15626569,0.63698256
0.47312075,-0.25670987,-0.44982988,0.5645012
0.02596893,-0.30075315,-0.17367084,0.3052502
0.56353235,-0.29636577,-0.26132762,0.41645756
0.8026153,-0.0770093,-0.10940154,0.7765355
0.5588649,-0.44645336,-0.5075396,0.959279
0.30256826,0.006806555,0.1472554,0.61943305
0.452919,-0.4046723,-0.47799665,0.54356086
0.025649188,-0.30550513,-0.18481353,0.28619865
0.5453435,-0.3529456,-0.35197642,0.39476755
0.7846085,-0.105238445,-0.16394623,0.75269306
0.5588649,-0.4797724,-0.495053,0.959279
0.29431653,0.005031977,0.14004469,0.60254884
0.43676785,-0.46086827,-0.49070138,0.5171685
0.021590821,-0.3056622,-0.17711306,0.26827765
0.525831,-0.35777268,-0.44069004,0.37449163
0.7705896,-0.10375483,-0.20105542,0.7304964
0.5641152,-0.4672851,-0.44520545,0.959279
0.28258657,0.000214616,0.1367856,0.5858942
0.429996,-0.46943623,-0.49776167,0.4932056
0.013878261,-0.3056559,-0.16510525,0.25172997
0.505818,-0.34852242,-0.5064527,0.35473633
0.7650031,-0.09536577,-0.22116368,0.697471
0.58696365,-0.4708916,-0.43540207,0.959279
0.26542836,-0.007951667,0.13912286,0.5777296
0.4440552,-0.4635066,-0.5028821,0.48674473
-0.000459745,-0.30963108,-0.15813254,0.24769516
0.48301744,-0.33828083,-0.54240406,0.2822942
0.7642098,-0.08109546,-0.22764258,0.6710103
0.61949515,-0.45727882,-0.44241878,0.959279
0.2533243,-0.018123144,0.14516556,0.56870776
0.46622816,-0.44139796,-0.50524974,0.47971782
-0.023597179,-0.3192492,-0.16071302,0.24187249
0.46010986,-0.32997954,-0.55343103,0.2227827
0.7725239,-0.061886303,-0.2218976,0.6567172
0.64630073,-0.4453225,-0.45224443,0.9616648
0.2516393,-0.026466113,0.15080355,0.5619098
0.5004579,-0.4051795,-0.505336,0.4738361
-0.05134677,-0.33336005,-0.1727619,0.23600876
0.44045928,-0.3244036,-0.541262,0.19286525
0.78845406,-0.039263554,-0.20600516,0.6570258
0.6701518,-0.40442553,-0.45320874,0.976652
0.25933492,-0.02907475,0.15359566,0.5575114
0.5410603,-0.3596473,-0.5084297,0.46993688
-0.077562355,-0.34686267,-0.18935582,0.22644053
0.42621768,-0.3217656,-0.5056451,0.2010981
0.8064072,-0.013100809,-0.18152823,0.66619796
0.6801199,-0.33653033,-0.44727507,0.9812169
0.27204838,-0.02594439,0.15475482,0.54905325
0.57854897,-0.31323877,-0.5143853,0.46774128
-0.099209785,-0.35559902,-0.20569205,0.20477158
0.4173284,-0.31502467,-0.45290515,0.23062308
0.82080257,0.01696178,-0.1562194,0.67218107
0.6585115,-0.3139633,-0.44175664,0.9575082
0.28514534,-0.021309583,0.15704288,0.5279229
0.60645986,-0.2719908,-0.52457166,0.46145916
-0.11755946,-0.35942614,-0.21882637,0.16211899
0.4113545,-0.29649112,-0.39897603,0.25699723
0.82821673,0.047634654,-0.13546303,0.66212094
0.6703604,-0.27753282,-0.43555373,0.89202416
0.29485506,-0.020310564,0.16131239,0.48934615
0.62046605,-0.24382243,-0.53306746,0.44020957
-0.13530129,-0.3613787,-0.22867018,0.09575638
0.40823257,-0.26318404,-0.35753563,0.26427478
0.8287571,0.07458694,-0.12132018,0.6274828
0.709549,-0.24275114,-0.43555373,0.8433557
0.29983273,-0.024139633,0.16549103,0.43873876
0.62219024,-0.23191802,-0.53543025,0.39271915
-0.15570849,-0.3636214,-0.23658983,0.013251514
0.40683603,-0.22103624,-0.33271396,0.24822232
0.8286288,0.095200844,-0.11288714,0.5798446
0.74450415,-0.21596721,-0.4327423,0.79826343
0.3017452,-0.029338917,0.16627018,0.39323467
0.61505955,-0.23481494,-0.52866524,0.3268894
-0.18021278,-0.36531964,-0.24412504,-0.06583391
0.41796577,-0.1786575,-0.32323828,0.22474793
0.84903723,0.10952082,-0.10721774,0.57202214
0.7901577,-0.18952498,-0.35263717,0.867221
0.30820113,-0.030554865,0.16138226,0.37483856
0.616695,-0.2483174,-0.5153761,0.2853462
-0.20667566,-0.36484522,-0.25374827,-0.11816273
0.46637693,-0.14127955,-0.32238543,0.25614738
0.9280874,0.1231526,-0.09970218,0.7078325
0.93541026,-0.15333979,-0.25450596,1.1177123
0.3347237,-0.025437066,0.15070032,0.40062433
0.6575808,-0.26054838,-0.4939859,0.37560022
-0.22721587,-0.36018407,-0.26872692,-0.13254155
0.59422547,-0.108454995,-0.3240057,0.43591255
1.0720422,0.14315143,-0.08365096,0.9580471
1.1732702,-0.12892763,-0.15736258,1.355204
0.391311,-0.01658107,0.13636069,0.46817473
0.7510052,-0.25474828,-0.45634437,0.59538716
-0.23170865,-0.35160267,-0.2918374,-0.115397766
0.790138,-0.07872419,-0.32318488,0.7109782
1.2367398,0.17110114,-0.05662879,1.2009687
1.3410894,-0.109844886,-0.0993295,1.510035
0.46821815,-0.008224567,0.12207572,0.5551703
0.87166154,-0.2223309,-0.39889273,0.81984866
-0.21759894,-0.34260923,-0.32382625,-0.08261621
0.99151504,-0.053779144,-0.32000256,0.9675336
1.3781484,0.20024438,-0.022075051,1.3850436
1.4035213,-0.10253769,-0.074628204,1.5552392
0.5438355,-0.000913258,0.11095585,0.6361626
0.9817667,-0.17418288,-0.33095813,0.99001795
-0.1934982,-0.337921,-0.36109334,-0.048202176
1.1552577,-0.038017914,-0.31539145,1.1612412
1.478724,0.22262688,0.012111886,1.5061727
1.4035213,-0.10253769,-0.06561309,1.5552392
0.60224116,0.008267665,0.10505465,0.6961389
1.0617529,-0.12800711,-0.26759675,1.0995302
-0.17169988,-0.33922148,-0.39673164,-0.021903172
1.2691145,-0.033888437,-0.31134054,1.29003
1.5389223,0.23331787,0.040056653,1.5750417
1.4035213,-0.10253769,-0.0655665,1.5552392
0.63877946,0.02274624,0.10403677,0.73139954
1.1083591,-0.09702135,-0.21803723,1.1593208
-0.15798932,-0.343726,-0.4198776,-0.00547985
1.3375359,-0.040256478,-0.3086247,1.3646548
1.5678972,0.23384555,0.0605797,1.6066765
1.4035213,-0.10253769,-0.0655665,1.5552392
0.65739256,0.041732475,0.106175505,0.74596506
1.1286192,-0.08272126,-0.18280415,1.185606
-0.14968728,-0.34584448,-0.42011625,0.006059653
1.3715713,-0.052184306,-0.30693644,1.3995907
1.5779862,0.22788934,0.07543212,1.6172317
1.4035213,-0.10253769,-0.0655665,1.5552392
0.6655399,0.061285313,0.11011184,0.7475995
1.1329179,-0.082208715,-0.15746988,1.1945883
-0.14112577,-0.34263498,-0.3926187,0.019970955
1.3849355,-0.06425807,-0.3064382,1.4111043
1.579304,0.21888404,0.08659906,1.6194314
1.4035213,-0.09894883,-0.060579874,1.5552392
0.6686869,0.07683007,0.11574625,0.742494
1.129396,-0.09095324,-0.13642924,1.1972783
-0.12770112,-0.3374745,-0.34359878,0.04084869
1.3889387,-0.073513746,-0.3095776,1.4130058
1.5770767,0.20659223,0.09540839,1.6196438
1.4035213,-0.09551334,-0.056236934,1.5552392
0.66966474,0.0853371,0.123854935,0.73528135
1.1223246,-0.105266675,-0.1155952,1.1981816
-0.10947239,-0.33535656,-0.28736493,0.0689096
1.3893535,-0.08387231,-0.31932473,1.4127972
1.5737305,0.19054243,0.10429984,1.6203175
1.4035213,-0.105228126,-0.056236934,1.5552392
0.66863024,0.08680141,0.13500857,0.72780603
1.1134051,-0.1212113,-0.09203562,1.1985661
-0.09012676,-0.33862472,-0.23747261,0.098739386
1.3889912,-0.10002227,-0.3349614,1.4136473
