1.2645376,1.3855724,0.42028275,0.9327591
1.16751,0.6650291,0.108541876,0.37127012
0.7492453,-0.08933327,0.36157513,0.52335155
1.1022288,1.186387,0.18250717,0.563165
0.39075276,-0.2690598,0.28780422,-0.19229603
0.75846547,0.95125276,0.045188684,0.6909301
1.2613943,1.3842611,0.3522293,2.0223567
1.16751,0.6650291,0.115468204,0.8910624
0.71115094,-0.077557765,0.36927187,0.76211476
1.0691018,1.184896,0.087740086,1.9524876
0.37389544,-0.26249316,0.30556875,0.42319888
0.8149676,0.9502501,0.011299211,1.1943914
1.2428757,1.3770149,0.27775887,1.9786254
1.16751,0.6650291,0.11576457,0.8910624
0.6679984,-0.07230337,0.37483624,0.7084072
1.0204614,1.1787246,-0.012094962,1.9097651
0.3477871,-0.26055974,0.3121156,0.42615145
0.84578246,0.94115245,-0.034742523,1.1448344
1.21331,1.3516072,0.20851088,1.9260607
1.16751,0.6650291,0.115867496,0.90332043
0.63010466,-0.07671041,0.37485012,0.6609385
0.9654229,1.1565441,-0.0933749,1.8549904
0.31759405,-0.26353547,0.3102665,0.41410482
0.85171545,0.91011095,-0.09166502,1.1049135
1.1778827,1.2924155,0.1472229,1.8723292
1.16751,0.6650291,0.115867496,0.9059015
0.6015803,-0.09110598,0.3660513,0.6236167
0.9117584,1.1023959,-0.1477362,1.7968373
0.28592867,-0.27245966,0.30129424,0.38869068
0.83889425,0.84187853,-0.15996404,1.0752459
1.1412922,1.1852854,0.08903002,1.821488
1.16751,0.6542291,0.10454026,0.9290444
0.5804831,-0.111394435,0.34742662,0.59515953
0.8631416,1.0003672,-0.18866602,1.7411045
0.25458756,-0.28656283,0.28664577,0.35516346
0.8161103,0.7252978,-0.23665917,1.0492989
1.1087219,1.0222908,0.029870786,1.7764568
1.16751,0.5460894,0.087037414,0.93410563
0.56351113,-0.12974934,0.3209024,0.5735793
0.8226687,0.8393354,-0.23488246,1.69126
0.22719951,-0.30361462,0.26977536,0.32111722
0.79218,0.55858076,-0.31074464,1.0271935
1.084178,0.81047565,-0.01919056,1.737988
1.16751,0.31083235,0.055571735,0.93410563
0.54793525,-0.13827881,0.2911561,0.55663925
0.7931881,0.6192197,-0.28531894,1.6481475
0.20627749,-0.3203687,0.25557616,0.2931586
0.77287024,0.36218196,-0.35817406,1.0095297
1.0694485,0.59507495,-0.038500987,1.7056426
1.16751,-0.00247234,0.017813535,0.93410563
0.53242785,-0.13355635,0.2628579,0.5427023
0.7785653,0.3736298,-0.32301584,1.6113073
0.19247605,-0.33437985,0.24690552,0.27467978
0.7580289,0.19652884,-0.35669908,0.99621886
1.0642139,0.4632492,-0.023758145,1.6778831
1.16751,-0.12051438,-0.025290526,0.93410563
0.51667815,-0.118812524,0.23916687,0.53172237
0.7796377,0.19784597,-0.33374465,1.579541
0.18426588,-0.34444654,0.24230683,0.26510277
0.74608207,0.12340657,-0.31601262,0.98459506
1.0663276,0.43949032,0.00960758,1.6530179
1.16751,-0.108773984,-0.038565952,0.93410563
0.5011761,-0.10135635,0.2185011,0.5251374
0.7899682,0.15342304,-0.32276574,1.5512538
0.178521,-0.35286248,0.2355838,0.2613341
0.7391407,0.12296367,-0.2621897,0.9729395
1.0716288,0.45634717,0.044616025,1.6301128
1.16751,-0.10056621,-0.027835213,0.93410563
0.48744288,-0.087775424,0.1971623,0.52492297
0.7998207,0.16985314,-0.3041698,1.5252321
0.17267376,-0.36375445,0.2186874,0.26006204
0.73926806,0.14027777,-0.21339309,0.96163875
1.069105,0.47698244,0.07663158,1.6099066
1.1640786,-0.10056621,0.001735339,0.93410563
0.4515241,-0.08183344,0.17265943,0.52963084
0.7811461,0.19247515,-0.27992094,1.5017494
0.15333697,-0.3806661,0.18652798,0.259199
0.75459826,0.15877618,-0.17517631,0.9532205
1.0564321,0.49388298,0.10780895,1.5433158
1.1402467,-0.098943606,0.046154693,0.92483044
0.40847558,-0.083147116,0.14750099,0.49975628
0.7439286,0.20661259,-0.24586226,1.4280082
0.12825459,-0.39870897,0.14106692,0.2529596
0.7665803,0.17864317,-0.14627627,0.91101056
1.0338763,0.5235784,0.14408119,1.4592729
1.0467076,-0.098653756,0.107699454,0.91796213
0.37068427,-0.088636674,0.12899357,0.475179
0.7004354,0.24013071,-0.19178188,1.3283653
0.112326264,-0.40680704,0.09243045,0.2395238
0.76300544,0.20422412,-0.12470331,0.8746422
1.0061525,0.5746207,0.18803497,1.380648
0.9029695,-0.048825547,0.15244481,0.9082942
0.35249504,-0.09489514,0.120891556,0.463453
0.6666135,0.30898783,-0.115522966,1.2274723
0.11702121,-0.3969578,0.054405283,0.21970198
0.7404932,0.23505053,-0.11048171,0.85371464
0.98052686,0.63873994,0.23518848,1.3388988
0.7288202,0.003105031,0.14339289,0.8669644
0.35899296,-0.100298285,0.11969767,0.46821287
0.65568686,0.39982647,-0.030710205,1.1692574
0.13949412,-0.37366623,0.032899067,0.1950912
0.70206904,0.26520208,-0.10406681,0.84858316
0.9662937,0.69740427,0.2777297,1.3450165
0.63141507,0.003066044,0.11007877,0.8153167
0.38123882,-0.10493805,0.11789825,0.48418036
0.6694124,0.48273265,0.045424793,1.1778973
0.16602278,-0.35060623,0.021208154,0.16819021
0.661075,0.2884711,-0.10498348,0.84937507
0.9741808,0.73764384,0.30990377,1.3780912
0.5951889,0.003066044,0.109390706,0.8225871
0.40535173,-0.10956004,0.109801084,0.50135475
0.70623964,0.5404427,0.10269585,1.2261028
0.18556122,-0.33925462,0.007823097,0.14334296
0.6373315,0.299893,-0.110966705,0.8483372
1.010071,0.7553263,0.33110926,1.4149247
0.60384685,0.003066044,0.109390706,0.84361285
0.4231085,-0.11419076,0.09426894,0.5122508
0.7630706,0.56905025,0.14053516,1.2783008
0.19557776,-0.34248415,-0.01335253,0.12503816
0.6473219,0.29788476,-0.11841938,0.84614486
1.0665988,0.7550457,0.34298062,1.4466994
0.6055469,0.003066044,0.10912799,0.85950434
0.43528998,-0.12036636,0.07341103,0.51766187
0.83211136,0.5760934,0.16287936,1.3197021
0.19924499,-0.35641906,-0.04160462,0.115010366
0.6869528,0.28359067,-0.12623008,0.85075676
1.125157,0.74391186,0.3477695,1.4706725
0.61177456,0.003066044,0.10912799,0.8579336
0.44726372,-0.13198107,0.05056299,0.5235225
0.89746296,0.5710631,0.17438363,1.348741
0.1988915,-0.37441453,-0.073434636,0.11010408
0.7358401,0.260232,-0.13481362,0.8594634
1.1690407,0.72719866,0.34584716,1.4859953
0.6426963,0.003066044,0.10912799,0.84398204
0.46519253,-0.15478529,0.02915022,0.5384115
0.9449991,0.56018037,0.17796563,1.3672144
0.1945242,-0.39167172,-0.10504467,0.10540545
0.7743694,0.23134224,-0.14817435,0.86491996
1.1910758,0.7062568,0.33774084,1.4915547
0.68250537,0.003066044,0.10912799,0.84158105
0.49115393,-0.19219436,0.014445066,0.5660486
0.966941,0.54433703,0.17626348,1.3756274
0.18553145,-0.40619352,-0.1334705,0.09716469
0.7965425,0.19932503,-0.17017177,0.8612815
1.1940526,0.68114877,0.32383066,1.4891825
0.76562434,0.003066044,0.104467764,0.85930634
0.52156425,-0.24268845,0.010921548,0.6009101
0.96452206,0.52282214,0.170598,1.3751824
0.17295599,-0.41875607,-0.15603861,0.084256716
0.80738616,0.16615744,-0.20296825,0.8525494
1.185676,0.65353984,0.30586693,1.483417
0.84610337,0.006997884,0.09651628,0.882154
0.549541,-0.29842454,0.018733038,0.63263535
0.9469254,0.49787503,0.16250817,1.370234
0.15929607,-0.43055457,-0.17327617,0.06815254
0.811916,0.13243583,-0.24520256,0.84405065
1.1731722,0.62682253,0.28710118,1.4785976
0.86984,0.032121263,0.09651628,0.8844784
0.5687581,-0.3456642,0.032955356,0.6535791
0.9249101,0.47495696,0.15359153,1.3649565
0.1471082,-0.44336945,-0.18874423,0.052707452
0.81206447,0.09677517,-0.2902165,0.84076625
1.1601895,0.6042502,0.26983503,1.4752458
0.8815526,0.05256283,0.09651628,0.88876855
0.5770645,-0.37248856,0.04732998,0.6636503
0.90589726,0.45892546,0.14425804,1.3607281
0.13646777,-0.4580497,-0.20991138,0.04230055
0.8067786,0.05816742,-0.33031586,0.84033245
1.1472995,0.58283323,0.25375018,1.4706825
0.87638396,0.05981057,0.09651628,0.88876855
0.57551306,-0.37749457,0.056227557,0.6677196
0.8910901,0.4465226,0.13269283,1.3555524
0.121215016,-0.48039433,-0.24516724,0.03621758
0.7962854,0.013204549,-0.36016652,0.83779305
1.1345875,0.5497955,0.23289777,1.4578462
0.8627257,0.06097544,0.09651628,0.88876855
0.56636244,-0.37030622,0.054511227,0.6701365
0.8776499,0.4215479,0.11167305,1.342115
0.091310844,-0.5186896,-0.2993851,0.030556712
0.7844775,-0.042486385,-0.38049874,0.8269303
1.1223476,0.4890154,0.19877496,1.429254
0.86977494,0.06097544,0.07930404,0.88876855
0.55038947,-0.3622745,0.04011147,0.671027
0.8633166,0.36451557,0.07036149,1.3110437
0.038761675,-0.5794493,-0.37116912,0.020611169
0.7748178,-0.11436403,-0.39302453,0.8063594
1.1104672,0.38770938,0.14471115,1.379447
0.86977494,0.042003445,0.022307383,0.86412996
0.5286577,-0.35947117,0.015126225,0.6680271
0.8479583,0.25852594,-0.001049504,1.2539389
-0.03712953,-0.6615785,-0.4494062,0.005218678
0.76716375,-0.20185994,-0.40027672,0.77909034
1.1003159,0.24792221,0.06979313,1.3134519
0.86977494,-0.037321627,-0.09441251,0.81187856
0.5039597,-0.35970628,-0.013264093,0.660376
0.831805,0.10034627,-0.10716725,1.1715729
-0.12295929,-0.7503903,-0.516738,-0.008838201
0.7641334,-0.29254708,-0.40559506,0.75857574
1.1018404,0.113500476,-0.014396363,1.255876
0.86977494,-0.12018106,-0.20540498,0.79400676
0.4960964,-0.3601522,-0.034741547,0.66572994
0.8264719,-0.07563143,-0.24142686,1.0910814
-0.18663171,-0.81913114,-0.55684066,-0.009517239
0.7735367,-0.3386585,-0.40467787,0.7552394
1.0866896,0.1483437,-0.07310526,1.1978205
0.86977494,-0.1506125,-0.28804114,0.78545356
0.4901408,-0.35475737,-0.03951583,0.6762931
0.8029106,-0.076356135,-0.36399022,1.0054315
-0.2294843,-0.84688514,-0.5582397,-0.000156542
0.76769483,-0.24535446,-0.38452297,0.7515675
1.0455542,0.41276386,-0.042813897,1.1428671
0.86977494,-0.072785005,-0.268241,0.77132946
0.4862657,-0.33790126,-0.0240231,0.69174933
0.74828804,0.19812092,-0.3757157,0.9245923
-0.25031212,-0.8365177,-0.5170533,0.016308486
0.74072737,0.003785877,-0.31415203,0.73951036
0.9764275,0.7231181,0.09321305,1.0902394
0.86977494,0.10853138,-0.15907124,0.74873704
0.48074123,-0.30920094,0.007013066,0.7077262
0.65638494,0.52963537,-0.22298838,0.8500702
-0.25865167,-0.80678964,-0.44237238,0.035999056
0.6936125,0.27882043,-0.19315766,0.7184079
0.8911544,0.97683877,0.26599953,1.0428842
0.86977494,0.21117431,-0.0872096,0.735709
0.46633077,-0.2744432,0.04490717,0.7165097
0.53545225,0.8001832,-0.014334939,0.7827308
-0.2606937,-0.7716732,-0.35733572,0.05575927
0.63867724,0.500844,-0.056761745,0.69672656
0.816816,1.1592451,0.4142664,1.0139902
0.86977494,0.2341718,-0.067100145,0.73198086
0.4353128,-0.24221192,0.07993336,0.71138144
0.42088073,0.99493825,0.1613149,0.73697203
-0.2584699,-0.73929435,-0.2835195,0.07372911
0.5936256,0.65755016,0.059165098,0.68754274
0.77378434,1.2780505,0.51803213,1.0130107
0.86977494,0.2341718,-0.029970827,0.72495663
0.38294047,-0.22011356,0.10602159,0.6906942
0.35921365,1.1229584,0.28301316,0.7324308
-0.2555946,-0.7134658,-0.23272382,0.08924455
0.5626791,0.7556151,0.13912754,0.69051987
0.75275105,1.3459965,0.5786771,1.0320429
0.86977494,0.2341718,-0.016911766,0.71293175
0.31118575,-0.2100546,0.12282446,0.65969276
0.35171932,1.1974397,0.35481316,0.7611729
-0.25564855,-0.69487077,-0.2054599,0.10202114
0.53295135,0.8079416,0.18374248,0.698601
0.73166823,1.3780781,0.60703266,1.0528862
0.8231009,0.2341718,-0.016911766,0.6610335
0.23195904,-0.20953509,0.13407798,0.6277989
0.36819485,1.2336282,0.39046705,0.8019495
-0.26244515,-0.6810318,-0.19585277,0.10924959
0.4852217,0.8297862,0.20104542,0.6952224
0.69882476,1.3895293,0.61676425,1.0619727
0.7155894,0.2341718,-0.016911766,0.5833582
0.16368285,-0.21402673,0.14401734,0.6017092
0.38536587,1.2472492,0.40521106,0.83684903
-0.28034833,-0.6669067,-0.19529603,0.103898585
0.40987784,0.83568937,0.20290828,0.66889936
0.66093713,1.3923591,0.6194356,1.0500692
0.5344679,0.2341718,-0.016911766,0.48155975
0.11825512,-0.2200138,0.15564075,0.57916355
0.3986266,1.2511067,0.4114377,0.8498193
-0.31220257,-0.64778763,-0.19573858,0.08022874
0.31739473,0.83585715,0.1998542,0.6175728
0.66093713,1.3923292,0.6206583,1.0500692
0.5344679,0.2341718,0.030973129,0.48155975
0.11825512,-0.2255667,0.17144535,0.57916355
0.3986266,1.2515961,0.41517723,0.8498193
-0.31220257,-0.62142456,-0.19175997,0.08022874
0.31739473,0.83447313,0.19694851,0.6175728
0.66093713,1.3919783,0.62209606,1.0500692
0.5344679,0.2341718,0.07149716,0.48155975
0.11825512,-0.22947718,0.19271073,0.57916355
0.3986266,1.2516487,0.41794848,0.8498193
-0.31220257,-0.589567,-0.18114051,0.08022874
0.31739473,0.8330659,0.19617327,0.6175728
0.66093713,1.3916539,0.62425244,1.0500692
0.5344679,0.2341718,0.072639786,0.48155975
0.11825512,-0.23032801,0.21823874,0.57916355
0.3986266,1.2516549,0.4212801,0.8498193
-0.31220257,-0.5585882,-0.16461253,0.08022874
0.31739473,0.8318737,0.19636421,0.6175728
0.66093713,1.3912129,0.6273357,1.0500692
0.5344679,0.2341718,0.08598083,0.48155975
0.11825512,-0.22846228,0.24373238,0.57916355
0.3986266,1.2514727,0.42568547,0.8498193
-0.31220257,-0.5334176,-0.14395401,0.08022874
0.31739473,0.8307519,0.19721934,0.6175728
0.66093713,1.3895435,0.63033766,1.0500692
0.5344679,0.2341718,0.10209131,0.48155975
0.11825512,-0.22435582,0.26343453,0.57916355
0.3986266,1.2502388,0.43076056,0.8498193
-0.31220257,-0.516979,-0.12124332,0.08022874
0.31739473,0.8279329,0.19669014,0.6175728
0.972467,1.3816837,0.62936884,1.2144613
0.4504603,0.2341718,0.10209131,0.43127355
0.43233442,-0.22254585,0.27218047,0.65048033
0.8543085,1.2433594,0.43270656,1.0401857
-0.08807711,-0.50931984,-0.10170906,0.08806145
0.3494072,0.81746966,0.19067873,0.73368615
0.93166727,1.3574617,0.61522704,1.1713666
0.45936838,0.2341718,0.10209131,0.46700734
0.39616764,-0.22872297,0.267208,0.6056622
0.8119464,1.2217331,0.4229215,0.99489135
-0.13502446,-0.50985163,-0.09298267,0.073056534
0.31356674,0.78625053,0.16882399,0.69501215
0.89906913,1.3022904,0.575513,1.1388487
0.4976898,0.2341718,0.10209131,0.49478868
0.3768988,-0.24387774,0.24971688,0.5652378
0.77568215,1.1712376,0.38868442,0.96660185
-0.1718625,-0.51744556,-0.10293554,0.059186738
0.2923204,0.7180729,0.119101405,0.6539349
0.8750353,1.2008157,0.50019336,1.1179689
0.5295158,0.21842448,0.10209131,0.4960491
0.37189236,-0.26291814,0.2233248,0.5311428
0.74349296,1.0759339,0.31898996,0.95174634
-0.1978482,-0.5298487,-0.13349545,0.04696108
0.2922043,0.5985847,0.033119317,0.62041104
0.8561657,1.0396416,0.38665396,1.1029896
0.5295158,0.12446197,0.09304904,0.4960491
0.37414375,-0.27705252,0.193828,0.50476205
0.71121466,0.92139524,0.20929025,0.9393618
-0.2120016,-0.5431161,-0.17860985,0.037087124
0.30914122,0.41686267,-0.087933555,0.599814
0.8409314,0.81007355,0.24993026,1.0889397
0.5295158,-0.04192999,0.07176557,0.4960491
0.37886858,-0.28025362,0.16720171,0.48685327
0.67754364,0.69603604,0.070094734,0.92027944
-0.21560366,-0.55317426,-0.22356404,0.028757583
0.3372309,0.17356503,-0.2197979,0.5965635
0.8296012,0.5206087,0.13728482,1.0752707
0.55295134,-0.0375836,0.055459425,0.4960491
0.39071843,-0.27331826,0.14709048,0.47825876
0.6451073,0.3996033,-0.05718604,0.89273036
-0.20653397,-0.5574816,-0.2526116,0.019437155
0.36881274,-0.09346971,-0.30525807,0.6107673
0.8268271,0.24603775,0.121607624,1.0655478
0.6054645,0.084091626,0.031053996,0.4960491
0.4192065,-0.26206243,0.13347594,0.47847223
0.62253886,0.087366335,-0.09542333,0.86279273
-0.17746359,-0.55662936,-0.2572932,0.006729349
0.40113866,-0.26817077,-0.2836608,0.63729453
0.8379584,0.14505038,0.21316275,1.0649565
0.65113133,0.20724636,0.038067523,0.51767874
0.46550035,-0.25060457,0.12373146,0.4847748
0.6180498,-0.06499109,-0.012924481,0.84055483
-0.12647273,-0.5547221,-0.24067372,-0.009590919
0.43709183,-0.27122518,-0.17849611,0.6708182
0.8608101,0.21473527,0.34443638,1.0746996
0.7061653,0.28293562,0.116334625,0.5568657
0.5175295,-0.23954111,0.11367407,0.49275857
0.63192904,0.000739144,0.124701485,0.8349307
-0.064691804,-0.5564717,-0.21344498,-0.027882647
0.47320962,-0.19525649,-0.056693852,0.70232534
0.88600904,0.32543588,0.46117696,1.0891545
0.72195846,0.2919198,0.16264988,0.56906617
0.5603436,-0.22781013,0.09857225,0.49797755
0.6516504,0.13090244,0.25163728,0.8420772
-0.009150312,-0.56524247,-0.18733865,-0.04566882
0.5061831,-0.11699624,0.044093423,0.7265055
0.9026357,0.40992343,0.5430765,1.0996519
0.72195846,0.2919198,0.15890087,0.56906617
0.5851728,-0.2163895,0.07471293,0.49825835
0.66385734,0.23105007,0.34113026,0.85056615
0.029171469,-0.5820263,-0.17041083,-0.05945602
0.52891356,-0.061686523,0.113460526,0.7396099
0.8919847,0.46118745,0.58923805,1.0842752
0.7142724,0.2919198,0.120651744,0.5476996
0.5950873,-0.20838495,0.04274247,0.47190282
0.63219315,0.2918054,0.39004073,0.820419
0.047812115,-0.60338837,-0.165031,-0.08595312
0.54538566,-0.029671328,0.15493889,0.74258924
0.8711277,0.48446026,0.60808676,1.059445
0.6882646,0.2919198,0.082441024,0.49698383
0.59366363,-0.20618397,0.007978516,0.44379467
0.5903497,0.31960595,0.4069691,0.78116745
0.057187352,-0.6254719,-0.16948532,-0.102163
0.548855,-0.016046587,0.17706762,0.73440427
0.8496075,0.49102038,0.61195856,1.0358776
0.6796186,0.2919198,0.044712625,0.47609687
0.5889699,-0.20981807,-0.020530073,0.42287344
0.552034,0.3269935,0.4060668,0.74555284
0.06292721,-0.6445993,-0.18111637,-0.11040821
0.5450933,-0.011284103,0.18892685,0.72387177
0.8350197,0.49199402,0.61155355,1.0230852
0.67814994,0.2919198,0.005917393,0.46318206
0.58516294,-0.21698877,-0.035643697,0.41278785
0.527071,0.3271523,0.40039027,0.72380304
0.06762788,-0.6596562,-0.19799876,-0.11597575
0.5407999,-0.008540198,0.19707559,0.7203004
0.8290149,0.49367997,0.61135745,1.0231123
0.67452776,0.2919198,-0.020014768,0.4547351
0.5809552,-0.22549118,-0.036065053,0.41032034
0.5178996,0.32851577,0.39554492,0.7158548
0.07106155,-0.6712674,-0.2189159,-0.121941544
0.5378413,-0.006156414,0.20420286,0.7282216
0.8278058,0.49699175,0.6117771,1.0299165
0.67013454,0.2919198,-0.025256662,0.47323304
0.5742431,-0.23496641,-0.028623682,0.41119552
0.5202683,0.33269075,0.39172173,0.7148227
0.07222549,-0.6800831,-0.23858014,-0.1287515
0.5331872,-0.004716002,0.21113311,0.74250925
0.8265167,0.49976674,0.61178315,1.0363604
0.6626351,0.2919198,-0.025256662,0.48446628
0.56464905,-0.24649882,-0.018516509,0.41374516
0.527355,0.33736247,0.38820067,0.71329236
0.072007656,-0.68681556,-0.25063452,-0.13631703
0.52361035,-0.006094765,0.21643075,0.75630385
0.8226478,0.4993987,0.6108131,1.0379175
0.6626351,0.2919198,-0.025256662,0.48715818
0.5535685,-0.26112798,-0.009733526,0.41719642
0.5347928,0.33988038,0.38498136,0.709033
0.07027122,-0.6924253,-0.25143376,-0.14569943
0.50803065,-0.012895643,0.21877985,0.7630626
0.81550944,0.4938606,0.60788924,1.0334569
0.6626351,0.2919198,-0.025184635,0.48715818
0.54264086,-0.2769732,-0.004952916,0.42040828
0.54091024,0.3383512,0.38184303,0.70384103
0.0665258,-0.69759345,-0.2443562,-0.15684189
0.48633522,-0.027604029,0.21617028,0.759247
0.8064776,0.48152885,0.600376,1.0254269
0.664815,0.2919198,-0.02384918,0.48715818
0.5291031,-0.29230633,-0.005946497,0.42120528
0.5461203,0.33153164,0.37677804,0.70238304
0.058076225,-0.70393443,-0.23739003,-0.16636826
0.46056846,-0.05301442,0.20504661,0.7453486
0.7942972,0.45612234,0.57944643,1.0160679
0.6798402,0.2919198,-0.019907964,0.48715818
0.50492626,-0.30687988,-0.013831792,0.41682416
0.547538,0.31270823,0.36017954,0.7054387
0.038947303,-0.7129357,-0.23850758,-0.16898477
0.43123293,-0.094805695,0.17760465,0.7244294
0.7738624,0.40842405,0.5327619,1.003497
0.69007033,0.2915997,-0.006938676,0.4895976
0.46079066,-0.32407594,-0.027124256,0.40648127
0.53987473,0.27194223,0.3173798,0.70745724
0.001399809,-0.7256492,-0.25248107,-0.16339639
0.3935175,-0.16074064,0.124937594,0.69741863
0.7416717,0.33110422,0.44939733,0.98279303
0.68015736,0.26924685,0.00178562,0.49494088
0.39268985,-0.347251,-0.04254814,0.39143595
0.51988053,0.20027885,0.23452328,0.697293
-0.059738945,-0.7422027,-0.27865317,-0.15385075
0.34364522,-0.25376,0.040780604,0.66565704
0.69995064,0.22301722,0.32639852,0.95309854
0.6230072,0.16236624,-0.006006504,0.5191236
0.30698857,-0.3767856,-0.056889374,0.37594053
0.4934993,0.09483862,0.105501145,0.6733617
-0.14214082,-0.76112366,-0.31015363,-0.14561506
0.27783993,-0.3694657,-0.0729725,0.6296773
0.65958947,0.09838116,0.17777424,0.92109525
0.5268383,-0.050568964,-0.09774518,0.48570046
0.2219296,-0.40802106,-0.06745307,0.36401248
0.47337312,-0.032798644,-0.055330545,0.6452661
-0.23233704,-0.77883047,-0.33816978,-0.14274707
0.20203665,-0.48547637,-0.20381051,0.5933115
0.6316818,-0.009883801,0.042760108,0.895921
0.45231846,-0.297179,-0.23723902,0.477214
0.15885153,-0.4339471,-0.07385138,0.35793552
0.46694407,-0.15194844,-0.19904074,0.626389
-0.30819553,-0.7897719,-0.35721356,-0.14564916
0.13092233,-0.56427985,-0.32687175,0.5609286
0.6211381,-0.065914124,-0.03256521,0.8842732
0.42421547,-0.4871263,-0.33207884,0.47567812
0.124007545,-0.4504754,-0.07657073,0.35616726
0.47242576,-0.22311495,-0.26028177,0.62570256
-0.35387328,-0.790836,-0.36873397,-0.15065192
0.08346439,-0.5834757,-0.42184952,0.5361784
0.6215949,-0.069528654,-0.049809583,0.8825351
0.38954368,-0.4895011,-0.33423626,0.4627362
0.10672302,-0.4576724,-0.07697801,0.35613334
0.47874993,-0.23834297,-0.24662748,0.6366479
-0.37211224,-0.7827882,-0.37682262,-0.15372449
0.06920889,-0.5615801,-0.48822808,0.51832837
0.6234877,-0.05242092,-0.05067353,0.8798768
0.3371802,-0.4600517,-0.33336437,0.43664744
0.09594611,-0.4591398,-0.07546013,0.35551065
0.47715873,-0.22751899,-0.21928057,0.64323974
-0.3764049,-0.7695525,-0.38228437,-0.15262528
0.079921626,-0.5315354,-0.54316163,0.5032159
0.62091625,-0.03867113,-0.058821283,0.8678121
0.2746068,-0.39682817,-0.31828904,0.43007687
0.08942997,-0.45861813,-0.071603864,0.35528216
0.464556,-0.21854499,-0.20549393,0.63465583
-0.3767665,-0.7555032,-0.38160488,-0.14992501
0.10142128,-0.5083246,-0.6015308,0.4862998
0.613606,-0.035467874,-0.07688178,0.8453382
0.24461024,-0.3530677,-0.3254549,0.43007687
0.08657527,-0.46042702,-0.06352284,0.3567149
0.44237635,-0.22136647,-0.20444171,0.60993224
-0.37814638,-0.7441853,-0.37514234,-0.14990677
0.126595,-0.49361488,-0.6711718,0.4669722
0.60604435,-0.039071374,-0.097013235,0.81905824
0.2376932,-0.3472787,-0.3359965,0.43007687
0.08610429,-0.46692252,-0.053003162,0.35979858
0.41728777,-0.2325719,-0.20784567,0.57933885
-0.384165,-0.73805135,-0.36767673,-0.1553206
0.15319687,-0.48333746,-0.744369,0.44661677
0.6057179,-0.04246192,-0.107793644,0.8007267
0.23665944,-0.33710572,-0.34657273,0.4415191
0.08418304,-0.47872338,-0.042523153,0.36287418
0.39561984,-0.24413902,-0.20840696,0.55665785
-0.39414614,-0.7369458,-0.36559418,-0.16442876
0.1895333,-0.4725329,-0.7922584,0.4341205
0.61715853,-0.040464517,-0.10409042,0.7980965
0.24547449,-0.315712,-0.36583787,0.45795235
0.07691601,-0.49341226,-0.03386146,0.36404026
0.38090885,-0.24972267,-0.20500804,0.55094486
-0.407488,-0.73862886,-0.37229702,-0.17431869
0.23996237,-0.45800245,-0.78738993,0.43554446
0.6362687,-0.032792926,-0.089563094,0.80629295
0.35601908,-0.30449036,-0.39741585,0.45614782
0.06333341,-0.5075689,-0.02660525,0.3621074
0.3690545,-0.24826743,-0.2010792,0.55533177
-0.42186105,-0.7386224,-0.385701,-0.1843011
0.2985658,-0.44047323,-0.7345754,0.44866034
0.6544577,-0.023392657,-0.072824605,0.81440276
0.45306808,-0.2628587,-0.4170069,0.45738623
0.045518193,-0.51924974,-0.01851841,0.3589219
0.3527602,-0.24486038,-0.20139693,0.55754143
-0.43489382,-0.734285,-0.40107447,-0.19676977
0.3540942,-0.42190483,-0.66416276,0.46419805
0.66551775,-0.017225713,-0.058955565,0.81472135
0.52516186,-0.24589762,-0.39569655,0.49378166
0.028038993,-0.5289196,-0.008487825,0.35744858
0.32752088,-0.24636106,-0.20831198,0.54949385
-0.44230732,-0.7257533,-0.4137463,-0.21180516
0.39855337,-0.40446004,-0.5950561,0.47467
0.6693739,-0.019473214,-0.047691558,0.8095322
0.5906977,-0.24368913,-0.34637538,0.52576435
0.015056665,-0.53830004,0.003241072,0.3610403
0.2922106,-0.25983238,-0.2229461,0.5325879
-0.4416077,-0.7154206,-0.4214384,-0.22605874
0.4331005,-0.39104775,-0.52649105,0.48300204
0.6693156,-0.03348942,-0.03675114,0.8048041
0.65033466,-0.24195467,-0.33480325,0.53019786
0.007334491,-0.5488231,0.015579519,0.3698786
0.25075436,-0.28989416,-0.24564672,0.51275504
-0.434094,-0.70667815,-0.42604965,-0.23544486
0.4606897,-0.38426077,-0.4548754,0.49460354
0.6689354,-0.059586458,-0.025464946,0.80568445
0.6859832,-0.24195467,-0.3516752,0.5334766
0.003922131,-0.559017,0.026589464,0.3815137
0.20955113,-0.3365687,-0.27493373,0.49747398
-0.4255315,-0.7022586,-0.4288448,-0.23909496
0.48369643,-0.38607422,-0.3850129,0.51171815
0.67023885,-0.094553165,-0.016471101,0.8133119
0.6973367,-0.24195467,-0.38187167,0.5522588
0.003334506,-0.5623889,0.03421278,0.39192826
0.1770679,-0.39452267,-0.31140864,0.49216628
-0.4218225,-0.7052171,-0.4313242,-0.24121976
0.50195533,-0.39664626,-0.32368022,0.53150684
0.67295927,-0.13410294,-0.01277831,0.82479846
0.6973367,-0.240282,-0.3904463,0.54916483
0.006243596,-0.5533528,0.036915593,0.4001675
0.15596235,-0.4555463,-0.35356066,0.49739683
-0.4258959,-0.71623194,-0.43436453,-0.24963966
0.51551193,-0.41563615,-0.27739143,0.54863
0.67686385,-0.17658556,-0.0104427,0.8375863
0.6973367,-0.23970081,-0.3506925,0.54861397
0.013032096,-0.53114617,0.03512521,0.40716237
0.14181332,-0.51732785,-0.3905319,0.51021624
-0.43539163,-0.7331199,-0.4383496,-0.26835558
0.5270757,-0.4412323,-0.2446131,0.5613898
0.6816726,-0.22014365,-0.00229596,0.85194534
0.696915,-0.23917353,-0.31311002,0.54861397
0.02187086,-0.5014915,0.030661374,0.41483772
0.12940742,-0.58010924,-0.40490216,0.53053045
-0.4451341,-0.75091106,-0.4443744,-0.29542226
0.5387805,-0.4692886,-0.22106154,0.5703862
0.687291,-0.2594504,0.014796342,0.8673117
0.6964037,-0.23917353,-0.2853683,0.54861397
0.029394701,-0.47166976,0.025593754,0.4227832
0.11545774,-0.64096504,-0.38929746,0.5565051
-0.45143715,-0.7651925,-0.45518503,-0.32399476
0.5517904,-0.492605,-0.20299779,0.57584304
0.69408286,-0.28408584,0.035595708,0.8829139
0.6926645,-0.24249822,-0.26498643,0.54861397
0.03215039,-0.4458411,0.020444242,0.42810866
0.10901833,-0.6834663,-0.35724083,0.5844427
-0.4542295,-0.77479714,-0.47233093,-0.34655264
0.5633279,-0.5049769,-0.18968898,0.57930994
0.7127667,-0.28027585,0.05487219,0.9013451
0.7039361,-0.24967118,-0.26804167,0.55531734
0.030288493,-0.4217239,0.015135898,0.42985636
0.14491293,-0.68438655,-0.32205847,0.6109307
-0.45362803,-0.7794131,-0.49390233,-0.3569466
0.5757998,-0.49805897,-0.18156955,0.5894335
0.7196272,-0.2147786,0.068786345,0.9087069
0.7039361,-0.250311,-0.28350833,0.5528114
0.032807358,-0.399516,0.010360363,0.43376675
0.14638436,-0.59524775,-0.29377666,0.6169723
-0.4456103,-0.77983034,-0.51456785,-0.35852346
0.5846415,-0.4486777,-0.17835678,0.5981782
0.7215403,-0.003167698,0.08225721,0.914052
0.7039361,-0.24137013,-0.28350833,0.5498384
0.03633301,-0.37533307,0.009914995,0.4373971
0.15169846,-0.3092737,-0.26682475,0.620397
-0.43412864,-0.7735892,-0.5275472,-0.35563424
0.5853082,-0.29918033,-0.17551179,0.60551965
0.71700263,0.32470644,0.10481783,0.91803515
0.7039361,-0.19553868,-0.28350833,0.5412231
0.04261854,-0.35099715,0.016844757,0.4420313
0.16243072,0.07261939,-0.23322436,0.6262371
-0.41878548,-0.75874937,-0.5289244,-0.35120112
0.57500607,-0.031491052,-0.16210806,0.60757273
0.70789903,0.64560604,0.14331041,0.92213833
0.7025442,-0.13433526,-0.22851838,0.5338404
0.051640373,-0.32771024,0.03051405,0.44759512
0.17886375,0.42145756,-0.18893626,0.6385037
-0.3992338,-0.7360733,-0.519588,-0.34499288
0.5556091,0.251093,-0.12859704,0.6029871
0.69798905,0.8995385,0.19217384,0.9287818
0.67009,-0.0816279,-0.15612425,0.5183493
0.06117513,-0.3079715,0.045554645,0.45227134
0.1976559,0.6921141,-0.13729553,0.6586541
-0.37871575,-0.7107782,-0.5042447,-0.33750835
0.5330545,0.47902182,-0.08216519,0.59448105
0.68834347,1.0793833,0.23721512,0.9380706
0.6245742,-0.065719396,-0.10818366,0.48080817
0.06778929,-0.2934249,0.05567384,0.4533246
0.21281165,0.8830964,-0.08824436,0.6852208
-0.36141932,-0.689278,-0.4893992,-0.32974982
0.5114553,0.6400368,-0.040686693,0.58284056
0.67866844,1.1943382,0.2663828,0.94884616
0.5860716,-0.062844664,-0.097452275,0.43292198
0.06821991,-0.28448233,0.057466727,0.44929862
0.21822102,1.0059539,-0.049972523,0.7145314
-0.35004655,-0.67451036,-0.48066851,-0.32443538
0.49399394,0.7408059,-0.019844273,0.5689588
0.66960293,1.2583055,0.27644977,0.9590215
0.55586976,-0.062844664,-0.11318395,0.37779343
0.060662843,-0.28143448,0.052061487,0.4414434
0.21012719,1.0750276,-0.027857106,0.7411261
-0.34582737,-0.66503686,-0.48213673,-0.32477048
0.4844126,0.79521066,-0.021327894,0.55508316
0.6661076,1.287427,0.27289873,0.9673036
0.50203454,-0.062844664,-0.1269269,0.3234364
0.046184894,-0.28480443,0.04384026,0.43318743
0.19240044,1.1066325,-0.01864909,0.7608866
-0.34932426,-0.65655196,-0.4934293,-0.33195198
0.48829916,0.819562,-0.037825078,0.5451364
0.67430574,1.2978137,0.2662904,0.9744644
0.4057837,-0.062844664,-0.13015972,0.2802444
0.027035419,-0.2937118,0.03739483,0.42625484
0.17626344,1.1174686,-0.014653364,0.772032
-0.36180702,-0.644807,-0.51048946,-0.34302673
0.5083088,0.829077,-0.055800058,0.54566836
0.6943936,1.301512,0.26411155,0.98162436
0.26677528,-0.062844664,-0.117993124,0.25386494
0.00580818,-0.30588526,0.034231663,0.41916838
0.18550187,1.1203313,-0.010806362,0.7781575
-0.38586402,-0.62833625,-0.52900165,-0.35351112
0.5333565,0.8343942,-0.06470153,0.55456495
0.6943936,1.303518,0.26862082,0.98162436
0.26677528,-0.06331984,-0.08224323,0.25386494
0.00580818,-0.31884617,0.032925826,0.41916838
0.18550187,1.1208366,-0.006425506,0.7781575
-0.38586402,-0.6092541,-0.54706645,-0.35351112
0.5333565,0.8392847,-0.060046926,0.55456495
0.6943936,1.3055725,0.27844808,0.98162436
0.26677528,-0.06383002,-0.032861173,0.25386494
0.00580818,-0.32998568,0.029817631,0.41916838
0.18550187,1.1211286,-0.003829612,0.7781575
-0.38586402,-0.5894986,-0.5624536,-0.35351112
0.5333565,0.8446899,-0.042180598,0.55456495
0.6943936,1.3074527,0.29160985,0.98162436
0.26677528,-0.063952744,0.012285674,0.25386494
0.00580818,-0.33836982,0.023096574,0.41916838
0.18550187,1.1211735,-0.00158259,0.7781575
-0.38586402,-0.5707164,-0.57224023,-0.35351112
0.5333565,0.8500171,-0.017401733,0.55456495
0.6943936,1.3088952,0.30741352,0.98162436
0.26677528,-0.07160061,0.03430853,0.25386494
0.00580818,-0.3477958,0.012381426,0.41916838
0.18550187,1.1208998,0.004186732,0.7781575
-0.38586402,-0.55506605,-0.5760203,-0.35351112
0.5333565,0.85464615,0.008569248,0.55456495
1.0317221,1.309252,0.33120286,1.0492959
0.75125617,-0.086274646,0.051197756,0.96324676
0.27682003,-0.35724786,-0.00099421,0.3154535
0.60047543,1.1196942,0.025904145,0.71831936
-0.2979972,-0.5444544,-0.57683194,-0.1573749
0.8307383,0.85787225,0.034400016,0.7762801
1.1359038,1.3048643,0.37512153,1.2751868
0.8193945,-0.012857608,0.09881189,1.099898
0.3095926,-0.3695903,-0.018188823,0.3816777
0.7911661,1.1136674,0.079769224,1.0286475
-0.24547435,-0.54205817,-0.5803412,-0.09214816
0.8745823,0.8564641,0.068338625,0.9118346
1.2614032,1.2866939,0.4430325,1.4834151
0.8738557,0.14077984,0.13504879,1.2426717
0.33757898,-0.38198167,-0.040650155,0.45026276
0.9723866,1.0944401,0.16746834,1.2699983
-0.19104983,-0.5499641,-0.59102017,-0.025265822
0.948018,0.8401981,0.11494991,1.0725121
1.3700712,1.2412724,0.52220905,1.6386976
0.9265253,0.2386394,0.15883178,1.3316809
0.35929522,-0.3930906,-0.06773296,0.5059832
1.1127323,1.0479631,0.2694504,1.4407148
-0.14543276,-0.5675449,-0.6083517,0.033405326
1.020458,0.79666543,0.16686364,1.2023034
1.4432023,1.1558948,0.5928096,1.736397
0.9578238,0.24798004,0.15883178,1.3644637
0.37283227,-0.40116715,-0.09214741,0.54095733
1.2035248,0.9591712,0.35876733,1.5478224
-0.11682621,-0.5905914,-0.62936175,0.073330395
1.0707036,0.71731186,0.21254103,1.2832149
1.4779869,1.0243468,0.6434401,1.7837048
0.9623068,0.24033076,0.15883178,1.3644637
0.3771177,-0.4055954,-0.103039764,0.5555693
1.2483525,0.8174954,0.42174345,1.6016917
-0.105237775,-0.6119654,-0.6461187,0.090831496
1.0914698,0.60289264,0.24527188,1.3181905
1.4807463,0.8547445,0.67301613,1.792246
0.9623068,0.24033076,0.1446416,1.3644637
0.37280303,-0.40460524,-0.09526524,0.55444366
1.2563215,0.62253195,0.45630127,1.6145257
-0.103582025,-0.6222161,-0.64670986,0.0893518
1.0866418,0.47190073,0.2672597,1.3183645
1.4618286,0.6820473,0.68772054,1.7756814
0.9623068,0.24033076,0.12329838,1.3644637
0.36379367,-0.39403656,-0.07182682,0.54497916
1.2401915,0.40000102,0.47044265,1.6003612
-0.09949619,-0.6061791,-0.6112446,0.08061622
1.063571,0.36116576,0.28283268,1.2970136
1.4327474,0.56206673,0.6952434,1.7470878
0.9623068,0.24033076,0.11351138,1.3644637
0.35356253,-0.3721012,-0.042694077,0.5330069
1.2120993,0.21840145,0.47424525,1.5723487
-0.084439814,-0.5533774,-0.5320623,0.07689301
1.0330001,0.2998581,0.29602447,1.2672498
1.4022558,0.5129685,0.6997979,1.7158012
0.9623068,0.24033076,0.12546459,1.3644637
0.3442528,-0.34374928,-0.01604658,0.5211486
1.1822495,0.13252424,0.47473103,1.5409662
-0.06077672,-0.47402856,-0.43002746,0.083420135
1.0015371,0.2790516,0.3066408,1.2361568
1.3739017,0.49891928,0.70147276,1.6853191
0.9623068,0.24033076,0.12805355,1.3644637
0.3359546,-0.31853035,0.005385697,0.5101649
1.1546313,0.11084428,0.47363448,1.5102625
-0.03755225,-0.39221218,-0.3347768,0.09728477
0.9720655,0.27036715,0.31236494,1.206121
1.3492696,0.49460545,0.70109206,1.6569155
0.9623068,0.24033076,0.13178623,1.3644637
0.32839093,-0.30327255,0.022622632,0.50036144
1.1310622,0.11488356,0.47282022,1.4816461
-0.02152019,-0.32797852,-0.26378515,0.112766616
0.94580996,0.2601724,0.31261203,1.1781461
1.347475,0.49725023,0.70353466,1.655145
0.96672237,0.24033076,0.15339713,1.3609815
0.3330199,-0.2994881,0.039207585,0.5046228
1.1385331,0.13607651,0.4767444,1.4832866
0.005643792,-0.28766632,-0.21886988,0.14478296
0.9294257,0.24903902,0.3129031,1.1694322
1.3574184,0.52344567,0.71791786,1.6561073
1.0203075,0.24033076,0.1734333,1.351147
0.33257276,-0.30121943,0.057482116,0.50781155
1.1548401,0.19934598,0.4936385,1.486065
0.027302556,-0.2666361,-0.19406542,0.16859567
0.92886806,0.2443214,0.32359853,1.1666294
1.3843828,0.5818509,0.748416,1.6612955
1.1373941,0.24033076,0.17073269,1.3581247
0.33104664,-0.29952812,0.07680795,0.51025236
1.1837739,0.31033325,0.52683127,1.4915218
0.0501697,-0.25455847,-0.17887813,0.18550187
0.9524987,0.24915582,0.35007966,1.1712565
1.4211255,0.6596565,0.78739613,1.6666628
1.1942377,0.2470199,0.18364255,1.3594259
0.3278415,-0.28825346,0.0940247,0.50834227
1.2200712,0.44039893,0.5689604,1.4973959
0.07479872,-0.24287654,-0.16408636,0.19651715
0.98999876,0.25780058,0.38428572,1.1755626
1.4500484,0.7313033,0.8177756,1.6603208
1.1966243,0.26733997,0.1912531,1.3594259
0.32181883,-0.26699778,0.107074596,0.4981448
1.2487805,0.55318433,0.602857,1.4936717
0.096527144,-0.22931053,-0.14416945,0.20269194
1.0192844,0.2582092,0.4092285,1.163676
1.4554098,0.7787652,0.82540655,1.6285015
1.1966243,0.2787163,0.19474052,1.3594259
0.3102523,-0.24133803,0.11612518,0.47744733
1.254926,0.6295066,0.61404467,1.4671177
0.11095199,-0.21580873,-0.118155636,0.20511709
1.0233122,0.24242629,0.41124567,1.1203815
1.4315056,0.7979664,0.805232,1.5622313
1.1966243,0.27259654,0.19997893,1.3436273
0.29265785,-0.21808797,0.12239358,0.4473735
1.2323653,0.66834325,0.59608203,1.4081695
0.11721009,-0.20489246,-0.088989615,0.20512393
0.9971083,0.20966391,0.3875192,1.0373861
1.3845706,0.79573435,0.7639295,1.46308
1.1966243,0.2088636,0.16538489,1.2801887
0.27149525,-0.20273173,0.12590027,0.41335508
1.1863948,0.67882603,0.5547689,1.3167713
0.118352346,-0.19737056,-0.06123725,0.20458986
0.9485102,0.1686518,0.34623387,0.9194637
1.3314215,0.7840433,0.7163379,1.3479723
1.1829809,0.074064404,0.12069401,1.1341968
0.25078318,-0.19732913,0.12522891,0.38179472
1.132978,0.67480665,0.5047089,1.2077249
0.11754351,-0.19262919,-0.038310442,0.20524576
0.895824,0.13115345,0.3026027,0.7888444
1.2909318,0.772571,0.67835194,1.2485254
1.1824899,-0.03239163,0.116724476,0.9598639
0.23377115,-0.2015418,0.11989903,0.35691956
1.0919653,0.6677866,0.46389765,1.1109587
0.11550721,-0.19083026,-0.02260711,0.20704715
0.8562358,0.10374428,0.26907873,0.6822853
1.2712604,0.76460505,0.6576464,1.191615
1.1824899,-0.0790712,0.116724476,0.8724111
0.22140273,-0.2137655,0.10958857,0.33764702
1.0724025,0.6627863,0.44189608,1.053597
0.109911524,-0.19575773,-0.016586315,0.20636146
0.83637714,0.08473318,0.25039515,0.6265835
1.2684208,0.75872177,0.6510445,1.1772306
1.1824899,-0.079674095,0.116724476,0.8579747
0.21380208,-0.23176768,0.09602734,0.32127938
1.0723008,0.6598112,0.43516043,1.0390152
0.098811604,-0.21361573,-0.02332578,0.19856875
0.82878244,0.067662954,0.24400099,0.6127261
1.2727084,0.7540245,0.6522424,1.1856463
1.1824899,-0.079674095,0.116724476,0.8579747
0.21077068,-0.25201395,0.08069526,0.30637354
1.0806451,0.65799755,0.4365021,1.0467553
0.083083645,-0.24876006,-0.042827453,0.18132652
0.8258701,0.051504243,0.24497552,0.62293977
1.2780856,0.7498666,0.6568564,1.2026006
1.1824899,-0.079674095,0.116724476,0.85310006
0.21144696,-0.26894167,0.06418377,0.2933126
1.0899675,0.65652454,0.44169235,1.0618582
0.06630856,-0.29982752,-0.07069395,0.1555978
0.8240627,0.036324285,0.24869233,0.6447688
1.2809422,0.7452849,0.66015106,1.2184075
1.1824899,-0.079674095,0.116724476,0.8427172
0.21360333,-0.27749652,0.045611776,0.28143775
1.0955864,0.6538943,0.44617003,1.07523
0.051706612,-0.35715756,-0.09823234,0.124685735
0.8217776,0.023507927,0.25013566,0.6668741
1.2769259,0.73565686,0.6550206,1.2269845
1.1824899,-0.079674095,0.10855884,0.83034176
0.21324107,-0.2770859,0.023352455,0.2699298
1.0934662,0.6460213,0.44378337,1.0826705
0.038577482,-0.40872407,-0.11844895,0.09266035
0.8141766,0.006305592,0.24066079,0.6783483
1.2580181,0.7109307,0.6311935,1.2227911
1.1824899,-0.079674095,0.099359035,0.81888616
0.20677567,-0.2733514,-0.003296985,0.2579351
1.0774662,0.62269574,0.4239917,1.0804882
0.022765238,-0.44859055,-0.12936133,0.063208
0.7896828,-0.02458361,0.21031304,0.66901016
1.2144934,0.6586146,0.57933086,1.1993339
1.1824899,-0.079674095,0.099359035,0.8057609
0.19262622,-0.27352846,-0.031770203,0.24505477
1.0400733,0.5700461,0.37660122,1.0617266
-0.001331793,-0.4810219,-0.13434361,0.038439535
0.7340103,-0.07542267,0.15103489,0.63320255
1.1398658,0.56730515,0.49439445,1.1515102
1.1539675,-0.079674095,0.098922186,0.74007845
0.17032984,-0.28285718,-0.057986587,0.22974922
0.97608685,0.47379342,0.29356617,1.0191691
-0.036201384,-0.5117043,-0.1379472,0.018126624
0.6370205,-0.14553046,0.062883526,0.5709293
1.0376921,0.43085784,0.37942946,1.0795373
1.0230429,-0.07443222,0.08081389,0.6170058
0.14195211,-0.30194908,-0.08029658,0.21038763
0.88907176,0.32247996,0.17330584,0.9502075
-0.07885116,-0.5397048,-0.1437809,0.000516781
0.49979293,-0.22504842,-0.0432203,0.4903903
0.9274172,0.25385478,0.24911626,0.9921614
0.785274,-0.09408109,0.020833764,0.44576982
0.112613626,-0.32659432,-0.10091705,0.18711215
0.795476,0.11040424,0.023571042,0.86059546
-0.12374303,-0.5599893,-0.15403019,-0.017318547
0.34571162,-0.29698017,-0.14333738,0.40939698
0.842466,0.061577838,0.13089,0.9095964
0.47269782,-0.17409268,-0.07385249,0.24625264
0.08801818,-0.34976885,-0.12298171,0.16412684
0.72246003,-0.15324429,-0.12922315,0.76965845
-0.16303462,-0.5694276,-0.16831212,-0.03710093
0.22526246,-0.34712,-0.21531662,0.34965572
0.8042359,-0.0958625,0.047722563,0.853259
0.22828862,-0.29548147,-0.22421001,0.09936817
0.07170143,-0.36348897,-0.14729808,0.14793116
0.6872429,-0.42020673,-0.24924377,0.70235175
-0.19116364,-0.56886774,-0.182392,-0.05672454
0.17742714,-0.37476635,-0.25740948,0.3209139
0.79940635,-0.18290643,-1.35E-05,0.82826537
0.11634651,-0.40032747,-0.38868946,0.039226606
0.06421592,-0.3630625,-0.17168963,0.14345057
0.67997104,-0.60567236,-0.31591427,0.6692359
-0.20387839,-0.5607289,-0.19008248,-0.070959195
0.18040492,-0.3889595,-0.2866651,0.3148676
0.80680734,-0.19726795,-0.021815537,0.8231161
0.11634651,-0.43027315,-0.50394577,0.009303211
0.06445882,-0.34924406,-0.19215213,0.15055533
0.6834964,-0.6483142,-0.33842185,0.6610147
-0.19880034,-0.54760164,-0.18551943,-0.07465026
0.19982694,-0.3870083,-0.30780858,0.31658596
0.82202923,-0.1429459,-0.019808052,0.8235541
0.16490257,-0.3345928,-0.4624245,0.060272455
0.06967387,-0.3277984,-0.20457682,0.16607745
0.6927074,-0.5484334,-0.32617584,0.6610055
-0.17822838,-0.53380466,-0.16940933,-0.068548694
0.23285918,-0.35983485,-0.31556508,0.3180108
0.8602519,0.021193694,0.040297013,0.820759
0.23288113,-0.20044579,-0.30986503,0.15666744
0.07884279,-0.30338606,-0.20609394,0.18599421
0.7210973,-0.29823428,-0.23946236,0.6577986
-0.14828028,-0.52394265,-0.14616919,-0.056289807
0.29824418,-0.26218614,-0.2830993,0.31612137
0.9395887,0.25775173,0.17322642,0.81828517
0.35656825,-0.06079514,-0.09123532,0.27258542
0.0924536,-0.27771944,-0.19200882,0.20922962
0.79060644,0.009613513,-0.07004986,0.65520275
-0.11565831,-0.5213877,-0.122955225,-0.042022403
0.40257534,-0.10351668,-0.19443293,0.31391543
1.046589,0.48574558,0.33944288,0.82681346
0.5308865,0.03089908,0.070620194,0.41238976
0.1114147,-0.24853474,-0.15770867,0.2354858
0.8894009,0.279036,0.12761837,0.65962815
-0.08381666,-0.5235397,-0.10137618,-0.02582671
0.5289982,0.06405885,-0.073981136,0.3313128
1.1507189,0.66365415,0.48845878,0.8558513
0.68202853,0.086251974,0.15115355,0.5518888
0.13445649,-0.21385624,-0.10091487,0.26578194
0.9861437,0.48075825,0.29767066,0.67479545
-0.052963853,-0.52404934,-0.07863103,-0.006333306
0.6496069,0.19983043,0.03931838,0.3884921
1.2304807,0.78465235,0.5974568,0.90317917
0.75485265,0.09484665,0.18567295,0.6594401
0.16002105,-0.17358458,-0.028853478,0.2988929
1.0572237,0.6163382,0.41983268,0.69850105
-0.022782313,-0.51525366,-0.051201288,0.017104967
0.7476347,0.2915462,0.12338517,0.47813904
1.2799133,0.8562964,0.66499966,0.9534816
0.8052091,0.09484665,0.22010136,0.7222143
0.18358532,-0.13094448,0.043716893,0.33097565
1.0965267,0.697263,0.49536157,0.7216507
0.006348037,-0.4945261,-0.019200295,0.04317792
0.8170249,0.34290746,0.17467704,0.5700973
1.3034104,0.89181006,0.70056075,0.991374
0.884264,0.09484665,0.2531849,0.7319064
0.20414631,-0.08957237,0.104753934,0.35816303
1.1091619,0.73810846,0.5355385,0.7350857
0.03540516,-0.46578962,0.013805915,0.06905069
0.8604739,0.36611754,0.20041749,0.6404579
1.309888,0.90654033,0.7187988,1.0101721
0.9880262,0.09484665,0.28253478,0.74016285
0.22331803,-0.052418202,0.14976175,0.37951082
1.1047763,0.7551712,0.55676717,0.73376566
0.066172704,-0.43573412,0.043984134,0.091510355
0.88556725,0.3753049,0.21211436,0.6830382
1.3086576,0.9136734,0.7325145,1.0122076
1.0793866,0.09484665,0.29475063,0.74025726
0.24447152,-0.020424407,0.18118417,0.397218
1.0929117,0.76274204,0.5736554,0.7182707
0.09987937,-0.4083727,0.06973424,0.10821069
0.9013995,0.38138628,0.21873125,0.70396674
1.3099065,0.9215769,0.74891883,1.0140599
1.1437517,0.09484665,0.30786878,0.74722564
0.26762834,0.007572697,0.20473175,0.4133488
1.08547,0.7691873,0.5942755,0.70321304
0.13415766,-0.38409287,0.09204553,0.11830035
0.9158193,0.39277887,0.22543614,0.72262985
1.3267446,0.93322605,0.7694717,1.0260823
1.1437517,0.09484665,0.30786878,0.7405126
0.28699747,0.032631055,0.22460327,0.42830294
1.1002083,0.7777789,0.6195947,0.7034159
0.1544756,-0.36243424,0.11372132,0.11961584
0.9357424,0.4116167,0.23463702,0.74566174
1.3477477,0.9545584,0.793412,1.0440254
1.1437517,0.14311308,0.31330663,0.7375069
0.30634633,0.05547041,0.24444765,0.44409907
1.1194288,0.79211354,0.64719397,0.7117314
0.17541853,-0.33940536,0.1390711,0.120710924
0.9593355,0.4487863,0.24956898,0.7721593
1.3739864,0.99167305,0.81828874,1.0680119
1.1437517,0.20751144,0.32962635,0.7375069
0.3249289,0.074843,0.265883,0.45913124
1.144603,0.81821716,0.6730029,0.7290061
0.19578512,-0.3100152,0.17408143,0.12307414
0.9871086,0.50923276,0.27210805,0.80190223
1.4041212,1.0435281,0.8409194,1.0956384
1.1437517,0.26081398,0.33598968,0.7375069
0.34290904,0.08881627,0.2883921,0.47322726
1.173952,0.8583699,0.6938649,0.75094926
0.21392569,-0.27060327,0.22169219,0.12735654
1.0183704,0.58399177,0.29915893,0.83427674
1.4352473,1.0991946,0.85726994,1.1244453
1.1437517,0.2806977,0.33598968,0.7375069
0.36005992,0.09623522,0.30943015,0.48685387
1.2041086,0.90542334,0.70720565,0.7732141
0.22846068,-0.22281322,0.27676466,0.1350883
1.0508798,0.6554104,0.32288924,0.8684103
1.4584508,1.1419524,0.85989994,1.1508493
1.1437517,0.28753826,0.33598968,0.7375069
0.3742201,0.097647525,0.32679954,0.5004858
1.2239441,0.9452911,0.70774126,0.7896825
0.23797849,-0.17357683,0.32854283,0.14716904
1.0788319,0.7032606,0.33055198,0.90263283
1.4602835,1.1588115,0.8406611,1.1693116
1.1437517,0.28998345,0.33598968,0.7375069
0.38173142,0.09470638,0.33963132,0.5130596
1.2153918,0.9620738,0.68812436,0.7906965
0.24251254,-0.12947899,0.3683391,0.16449428
1.0947661,0.7202528,0.31221303,0.9340847
1.429056,1.1474031,0.79618466,1.1734908
1.1437517,0.28795624,0.32975987,0.7375069
0.37962216,0.08861667,0.34749487,0.52221316
1.1622156,0.9504487,0.6430369,0.7704067
0.24335386,-0.09332961,0.3932458,0.18486439
1.090913,0.70922256,0.26918495,0.9550378
1.3578863,1.1165934,0.733086,1.1568832
1.1427647,0.27967936,0.3044183,0.7375069
0.36776674,0.080245644,0.34870985,0.52451104
1.0499777,0.91654885,0.57528734,0.7270889
0.24269068,-0.06337856,0.40524742,0.20447531
1.0636278,0.6837461,0.21689193,0.95504254
1.2494137,1.0830845,0.6686504,1.1144195
1.1294371,0.26887646,0.3310954,0.7375069
0.3480847,0.06943493,0.34140304,0.5179608
0.8713658,0.8769867,0.49891204,0.66299415
0.24370266,-0.03660627,0.4087612,0.2192069
1.0137786,0.66039217,0.17853755,0.9248866
1.1222144,1.0619459,0.6233805,1.0459483
1.1041123,0.25576577,0.35798112,0.7336314
0.32887903,0.05573737,0.32605976,0.50331676
0.6352105,0.85000676,0.4352951,0.5852669
0.25045896,-0.011341576,0.4076433,0.22655252
0.9509815,0.64870423,0.16929726,0.86139756
0.9096297,1.0561945,0.60384595,0.9506104
1.0779823,0.24977125,0.3612929,0.72649026
0.25001436,0.037681118,0.3059109,0.45196307
0.34626856,0.8417237,0.39806095,0.6190953
0.23336165,0.011588125,0.40380138,0.20364554
0.7709851,0.64694726,0.18063815,0.67806524
0.732096,1.0583627,0.59797764,0.87002474
1.0564437,0.24634732,0.34698918,0.6661825
0.18072009,0.015336297,0.2856146,0.4104883
0.2270147,0.8448471,0.38058332,0.64229375
0.20110369,0.03158557,0.39854598,0.16676104
0.5693375,0.6476153,0.19326912,0.4807614
0.5662417,1.0595943,0.59052813,0.8123041
1.0332974,0.2459433,0.3085742,0.6473681
0.11896663,-0.010160347,0.26803946,0.38566726
0.2193149,0.84812707,0.36580423,0.6532668
0.14565769,0.04847502,0.39275992,0.12641978
0.3067183,0.64560115,0.19686548,0.29892406
0.18482317,1.0559759,0.57427096,0.7295911
0.08086797,0.23479998,0.26367813,0.64205986
0.06064608,-0.03693421,0.2530059,0.3793823
0.033798646,0.8469532,0.34226614,0.62938195
0.06707167,0.062421262,0.38635474,0.09149771
-0.34723985,0.63805753,0.19113316,0.04357251
0.2565624,1.0477561,0.5486369,0.7167658
0.16008359,0.23479998,0.22449929,0.79033583
0.08872657,-0.06258909,0.23969035,0.38853523
0.09278519,0.8417938,0.3061706,0.56972015
0.058660805,0.07430691,0.3779635,0.090191714
-0.2462866,0.6248405,0.17989658,0.1749834
0.3254456,1.0312544,0.51384974,0.7567863
0.22630093,0.23479998,0.215241,0.932244
0.10525023,-0.08533366,0.22608675,0.3859511
0.15783831,0.83145463,0.2582972,0.5236336
0.05668006,0.08354628,0.3649998,0.090917975
-0.16915758,0.59798855,0.16201705,0.37526894
0.37507007,0.99893045,0.4713778,0.8286669
0.28115964,0.23479998,0.215241,1.0484074
0.114863455,-0.103215896,0.21111771,0.3754135
0.20427498,0.80960953,0.20441137,0.48970327
0.06072874,0.08935869,0.34299752,0.093362086
-0.11284136,0.54711765,0.1333833,0.5625218
0.4063967,0.942015,0.42372924,0.90080607
0.3710583,0.2251303,0.215241,1.1157517
0.12520412,-0.11535344,0.19499663,0.365254
0.22600526,0.76751095,0.15246642,0.46910736
0.06974125,0.09111396,0.30766818,0.099464335
-0.06224988,0.46170178,0.09074065,0.7000881
0.4287997,0.85612595,0.37590712,0.9513394
0.49569073,0.20447078,0.215241,1.1385139
0.14237751,-0.12195005,0.17899315,0.3614817
0.23165205,0.70018494,0.108614154,0.4572175
0.08126337,0.08968281,0.2579784,0.10792226
-0.009044291,0.33566213,0.03829693,0.78350526
0.44934052,0.7459499,0.33455434,0.9742095
0.613711,0.1715347,0.215241,1.1576524
0.16637862,-0.12457181,0.16334623,0.3648592
0.23157477,0.608054,0.075427264,0.44863644
0.09157667,0.08712969,0.19874224,0.11460933
0.045203168,0.18059185,-0.012857595,0.8204571
0.4678662,0.6306173,0.30536726,0.9735277
0.6571662,0.13893321,0.215241,1.1688057
0.19172595,-0.12415681,0.1463734,0.37171513
0.23143087,0.5070299,0.052445028,0.43914858
0.09779832,0.08528403,0.14052331,0.1156339
0.090926684,0.024478,-0.04977113,0.82346284
0.48108524,0.5317724,0.28326377,0.95877206
0.658967,0.11596001,0.215241,1.1696976
0.21191059,-0.123177335,0.12593128,0.37752223
0.23100771,0.41493255,0.032980453,0.42746946
0.09841063,0.08399212,0.09359452,0.11071687
0.12232041,-0.095532,-0.0752369,0.80743086
0.48788142,0.4508289,0.25453523,0.9400445
0.658967,0.1017267,0.215241,1.1696976
0.22431657,-0.12479301,0.102671,0.38130885
0.23035891,0.33660674,0.006272105,0.41453627
0.093835555,0.081179515,0.06185919,0.10245722
0.13849513,-0.18506514,-0.106571145,0.7862646
0.49115002,0.36647394,0.20898478,0.92279035
0.658967,0.098855704,0.20863537,1.1696976
0.23189136,-0.13100055,0.08135465,0.38572207
0.2325655,0.25671133,-0.03546791,0.40213603
0.0861036,0.07474576,0.042547595,0.093867555
0.1430723,-0.28458193,-0.15711296,0.76693153
0.4954415,0.25996903,0.14644963,0.9082299
0.658967,0.002543726,0.1490063,1.1696976
0.24033155,-0.13993779,0.06804593,0.3932221
0.24053228,0.15723546,-0.090525046,0.3902242
0.07821739,0.064233795,0.032406397,0.087185204
0.14280441,-0.41645765,-0.22974564,0.7512226
0.5202214,0.13665166,0.07975719,0.8939674
0.6735407,-0.10844453,0.019710183,1.1696976
0.2672916,-0.1455391,0.06577755,0.40774944
0.26432678,0.040870957,-0.14844789,0.3204221
0.068001226,0.050873622,0.029467281,0.07852537
0.16881531,-0.56686515,-0.3088194,0.759092
0.54975724,0.022809248,0.025070557,0.8895327
0.7044008,-0.20725705,-0.0892629,1.1696976
0.2957793,-0.14438003,0.0718985,0.4221283
0.29330313,-0.07283206,-0.19951251,0.27645567
0.061811324,0.035351932,0.029799482,0.07287295
0.19904725,-0.681273,-0.36879998,0.76820505
0.5821352,-0.04562629,-0.007117081,0.8969911
0.7354483,-0.24732551,-0.17996477,1.1696976
0.32198516,-0.13716221,0.082344785,0.43226942
0.32183322,-0.15264437,-0.2352539,0.2708995
0.056805696,0.017475976,0.027805913,0.06699585
0.23615871,-0.7063642,-0.39579248,0.7797762
0.61647296,-0.06218295,-0.019714843,0.9126977
0.77199423,-0.26014128,-0.21173143,1.1696976
0.34440377,-0.12827112,0.094609946,0.43676987
0.34725448,-0.19423123,-0.25582385,0.29888338
0.050711364,-0.002927562,0.02122776,0.059110746
0.28111574,-0.64358705,-0.39710575,0.7916074
0.6487811,-0.04745574,-0.022387888,0.9278209
0.79728705,-0.26014128,-0.22442281,1.1696976
0.36492208,-0.11928578,0.10885802,0.43924978
0.36484104,-0.21925248,-0.26619166,0.34521592
0.042185243,-0.025555663,0.012228992,0.04951987
0.32996112,-0.5332956,-0.38934582,0.79619855
0.6757766,-0.020221487,-0.02431881,0.9300606
0.8040606,-0.26014128,-0.22442281,1.1696976
0.3849909,-0.10879875,0.125444,0.4438932
0.37523806,-0.24598622,-0.2760441,0.39140978
0.031818308,-0.048825298,0.005199147,0.040914007
0.37425452,-0.41235295,-0.3809765,0.7817467
0.694626,0.007647214,-0.031413496,0.9101445
0.8040606,-0.26014128,-0.22684859,1.1696976
0.40284187,-0.09502698,0.14172496,0.4514067
0.37890765,-0.2789818,-0.29261693,0.4236378
0.021834465,-0.07207256,0.002396199,0.036899194
0.4078037,-0.3082777,-0.37629446,0.738671
0.7046295,0.029647337,-0.044833742,0.86670965
0.8040606,-0.26014128,-0.22684859,1.154287
0.41419405,-0.07851751,0.15292029,0.4579037
0.37949175,-0.31269142,-0.316336,0.43729338
0.014172082,-0.09490393,0.000543342,0.037340757
0.42643905,-0.23366405,-0.37754646,0.66464514
0.710534,0.04320024,-0.060820322,0.8111852
0.80559653,-0.26014128,-0.22684859,1.0751587
0.41645578,-0.0601956,0.15716162,0.45901036
0.38143435,-0.34157157,-0.34046653,0.43978667
0.00912046,-0.11828739,-0.005434637,0.04024111
0.435869,-0.1876545,-0.38434178,0.5706959
0.7263093,0.05344931,-0.07272047,0.77127874
0.8034145,-0.26265097,-0.22991617,0.925331
0.41110364,-0.04078697,0.15825737,0.4529512
0.3996249,-0.35405323,-0.35388234,0.45267156
0.005991004,-0.14356326,-0.018281374,0.04542032
0.44950238,-0.16213942,-0.39457127,0.48714218
0.81405956,0.07246726,-0.06581992,0.81080025
0.78338015,-0.2620799,-0.23954219,0.71058047
0.40579978,-0.021887038,0.16286914,0.4427616
0.5262316,-0.33077654,-0.33982033,0.5604856
0.002239564,-0.17060265,-0.034824077,0.052436784
0.49941367,-0.14588127,-0.39567408,0.45233968
0.8257588,0.12368151,-0.015377123,0.98432326
0.7252408,-0.18124287,-0.25340372,0.44237542
0.40705255,-0.005314267,0.17530066,0.43310112
0.54143274,-0.24353206,-0.27507332,0.80257624
-0.006129833,-0.19738017,-0.050060783,0.06310411
0.5073566,-0.11992983,-0.36209264,0.5182972
0.840702,0.22112834,0.088897936,1.0017875
0.6856259,0.00783579,-0.28148767,0.21424739
0.4110954,0.006906921,0.19245851,0.43371978
0.55847234,-0.0874333,-0.15575063,0.82492256
-0.009444789,-0.22101137,-0.0609444,0.067959994
0.52002084,-0.07249838,-0.27694073,0.5262096
0.8587527,0.3446154,0.21959245,1.0215607
0.684418,0.15795931,-0.3351393,0.18661293
0.41789347,0.01425522,0.20693809,0.4332835
0.5760874,0.089444555,-0.012886625,0.849739
-0.007822966,-0.24110132,-0.06975785,0.0750566
0.5385471,-0.007694222,-0.16287458,0.53577226
0.87832844,0.46199715,0.3411941,1.0426596
0.684418,0.22044285,-0.42799234,0.18661293
0.42403105,0.018638158,0.21345769,0.42853627
0.59238726,0.24450026,0.114674784,0.8773609
-0.004141185,-0.25730115,-0.08205347,0.08205382
0.5616664,0.057446472,-0.049832907,0.54311395
0.89754224,0.55326444,0.4354202,1.0657811
0.684418,0.22710115,-0.50934273,0.18661293
0.42562282,0.023331964,0.21221021,0.4173976
0.606142,0.36023888,0.20836288,0.9075715
-0.000679319,-0.26716107,-0.100097016,0.089279726
0.58666414,0.10815097,0.045177698,0.55052364
0.9162439,0.61325604,0.50042653,1.0905403
0.684418,0.22792435,-0.53099227,0.18661293
0.42120278,0.030550692,0.2077365,0.4014929
0.6195277,0.4362079,0.26700455,0.9395241
0.00212147,-0.26644087,-0.12136705,0.09755245
0.61085683,0.13804218,0.11928786,0.5584573
0.93340987,0.64585245,0.54231036,1.1149963
0.684418,0.22792435,-0.54849464,0.18661293
0.41198313,0.038960293,0.20436835,0.38434377
0.63510495,0.4794805,0.298353,0.97161394
0.007732501,-0.2525245,-0.1390645,0.10930355
0.6296376,0.14861469,0.17555635,0.56398696
0.94670045,0.65888184,0.5690066,1.1369938
0.6764483,0.2306569,-0.5775555,0.18658723
0.3989152,0.04662139,0.20401402,0.36864895
0.6523417,0.5004158,0.31330252,1.002309
0.019995796,-0.22395538,-0.14812644,0.12650573
0.63889515,0.14420742,0.21736301,0.5629244
0.95601094,0.65969884,0.5870955,1.1580905
0.6245461,0.24894822,-0.58006734,0.16078915
0.38026106,0.052793108,0.20806289,0.35384005
0.6719548,0.5083891,0.3199561,1.0330775
0.041555356,-0.1787892,-0.14742681,0.14898293
0.6373166,0.12832081,0.24930462,0.55625325
0.9663126,0.65316147,0.60080177,1.1849464
0.5276987,0.25543293,-0.50149304,0.14672107
0.35202265,0.059058443,0.2184649,0.33604404
0.69740623,0.5097099,0.3227058,1.0690655
0.070334904,-0.1191037,-0.1401061,0.17373577
0.63059175,0.10232911,0.27555877,0.55452126
0.9912928,0.6432611,0.6138013,1.2287512
0.46140707,0.25543293,-0.33095148,0.14106986
0.3141155,0.067730404,0.23622182,0.31201842
0.741028,0.5082371,0.32499757,1.1200095
0.09965622,-0.054456063,-0.13152036,0.19431476
0.6327683,0.07012327,0.3001908,0.5741259
1.0057967,0.63403916,0.6273902,1.2505115
0.5444968,0.259428,-0.2433452,0.52775806
0.3416392,0.07914474,0.25842103,0.34529984
0.71635485,0.5062441,0.32861045,1.1122801
0.13516565,0.001165006,-0.1257902,0.19963996
0.69286084,0.040437132,0.32409832,0.6860501
1.0240917,0.6310915,0.64196116,1.268437
0.5722459,0.26160768,-0.19942257,0.54070204
0.3894128,0.08931002,0.27937898,0.37679064
0.7184777,0.50757873,0.335847,1.1176599
0.1499089,0.038495265,-0.12256529,0.18446562
0.72759795,0.024725128,0.34595644,0.7357785
1.0520539,0.6418305,0.66003317,1.277391
0.63908535,0.26160768,-0.14879885,0.54925853
0.45492372,0.09268059,0.293186,0.41731852
0.74477506,0.5191645,0.3520861,1.1221652
0.15989475,0.05658681,-0.117329255,0.16346765
0.7571841,0.032879896,0.3658118,0.7552668
0.97010297,0.67128277,0.6850553,1.2254637
0.7360868,0.2706871,-0.09564694,0.57829356
0.51883405,0.08807019,0.29744798,0.46969444
0.5847584,0.5479451,0.38474,1.0526283
0.18955281,0.061246417,-0.10706227,0.15891315
0.7396496,0.06438373,0.38330948,0.74175674
1.0503901,0.71502584,0.7160402,0.8721056
0.8229751,0.29534036,-0.039654337,0.61847466
0.5448553,0.08186663,0.29327533,0.5332989
0.7231196,0.5928912,0.43379518,0.5468063
0.2073333,0.062230725,-0.09230532,0.1778149
0.7741052,0.10444341,0.39537582,0.5940602
1.1084287,0.7593801,0.7455973,0.85341096
0.86330754,0.32055727,-0.016572716,0.65879744
0.5648996,0.08821484,0.28490144,0.5643367
0.8223196,0.64072233,0.48793748,0.5346119
0.21814014,0.07415224,-0.07785095,0.2086906
0.79194695,0.13791317,0.3963806,0.5694515
1.1374981,0.7913982,0.7650573,0.83088964
0.87518,0.349947,-0.016572716,0.6668119
0.57054204,0.122721225,0.2780055,0.58942837
0.8801269,0.6768368,0.53193504,0.5191811
0.21579374,0.11380223,-0.06882422,0.23211633
0.787925,0.15663007,0.38349715,0.5402819
1.1393602,0.8050672,0.7698992,0.809106
0.87518,0.3804415,-0.016572716,0.6668119
0.56007844,0.18530974,0.27693588,0.6015059
0.89918464,0.6925783,0.55724585,0.5108382
0.20047109,0.18467882,-0.06668405,0.24251133
0.7675372,0.16336125,0.35779026,0.5052961
1.1221358,0.80250216,0.76164097,0.79394764
0.88603103,0.4068077,-0.016572716,0.6668119
0.5385906,0.258966,0.28152478,0.5999404
0.88875085,0.6890457,0.5642045,0.51550376
0.1763571,0.26918185,-0.069296665,0.23987234
0.7409451,0.16405304,0.32429928,0.46909216
1.0955768,0.7911366,0.7457272,0.7869637
0.9038402,0.423763,-0.016572716,0.6668119
0.5144462,0.32455352,0.28772384,0.58910584
0.86097103,0.67418134,0.55944705,0.5292881
0.1500996,0.34439918,-0.071792714,0.22821938
0.71609586,0.16420615,0.28829348,0.4377664
1.0674133,0.7791375,0.7275197,0.78360534
0.91383207,0.4249656,-0.016572716,0.6668119
0.4942256,0.3719702,0.2910116,0.5750381
0.82797176,0.6584449,0.55024815,0.5427866
0.12929599,0.3979874,-0.067611225,0.21421678
0.6945944,0.16408421,0.25274935,0.41265178
1.0404532,0.77038145,0.7094022,0.77728194
0.9169691,0.4249656,-0.016572716,0.6668119
0.4788257,0.39973572,0.2886053,0.5616749
0.79659975,0.64758104,0.53987,0.5476729
0.12006049,0.428841,-0.05180645,0.20439345
0.67356116,0.1618426,0.21885799,0.39072832
1.0148629,0.76541275,0.69249433,0.7641404
0.9169691,0.4249656,-0.001288795,0.6668119
0.46611515,0.4109914,0.2774879,0.55071014
0.76778847,0.64253294,0.53036064,0.5405191
0.12324641,0.4422555,-0.026143467,0.20158425
0.65221024,0.15711664,0.18603551,0.36884573
0.98991835,0.7628856,0.67665106,0.7454199
0.9169691,0.4249656,0.022672122,0.6668119
0.4530984,0.4101284,0.2543095,0.5414335
0.74077344,0.64060456,0.5225039,0.52406764
0.1327787,0.4442467,0.001641524,0.20374832
0.6299528,0.1527534,0.15200596,0.34673408
0.9658545,0.76177573,0.66115266,0.7248147
0.9169691,0.4249656,0.022672122,0.6668119
0.4385718,0.40068182,0.21846841,0.5332842
0.7152091,0.63960636,0.5159105,0.50369686
0.14078017,0.43906507,0.022866257,0.20651384
0.60781795,0.15130001,0.114861965,0.32577598
0.9495125,0.76154655,0.6458433,0.68098533
0.9169691,0.4249656,0.013795892,0.62238103
0.41859615,0.38578236,0.17548312,0.5260007
0.7133728,0.63872916,0.5100626,0.49274027
0.14002888,0.42938718,0.033886407,0.20911029
0.57216406,0.15305965,0.07477424,0.2271965
0.9336201,0.7599184,0.6297859,0.6452048
0.9169691,0.4249656,0.002013624,0.60405284
0.39788702,0.36973014,0.13554157,0.5216925
0.7058809,0.6363038,0.50273263,0.46886602
0.13318394,0.41932127,0.0362309,0.21327026
0.54436857,0.1538616,0.034008443,0.16857806
0.9060621,0.7503995,0.6087456,0.60676813
0.9169691,0.4249656,-3.44E-05,0.5859398
0.37467787,0.35701418,0.108048074,0.51796037
0.68427956,0.6264593,0.48858517,0.4328249
0.124268234,0.41358775,0.03664569,0.22134149
0.5080228,0.14532982,-0.00797335,0.12531865
0.8580556,0.7238116,0.5738761,0.5650921
0.9140706,0.4249656,-0.012814043,0.5680856
0.34737834,0.35088563,0.095371984,0.511681
0.6421304,0.59894836,0.45739263,0.39239913
0.12194271,0.41677317,0.045513522,0.2377945
0.451076,0.121525005,-0.054584794,0.08109348
0.7828223,0.67036563,0.5149487,0.52435905
0.9227262,0.4249656,0.054983083,0.57133037
0.3184306,0.35383904,0.09682609,0.50106204
0.5690863,0.541027,0.39615658,0.3566996
0.14504668,0.43364972,0.0756448,0.27056563
0.37242174,0.08124408,-0.106090926,0.02986663
0.681905,0.58330375,0.42512533,0.49209094
0.89853626,0.42132512,0.18328305,0.6042728
0.29688278,0.36416355,0.11216942,0.48735794
0.45698136,0.44139573,0.2921365,0.32993189
0.20537303,0.463723,0.13111317,0.32197514
0.28853688,0.028502766,-0.1536427,-0.014311844
0.5722748,0.4618717,0.30567178,0.47312695
0.832289,0.45676887,0.29815724,0.62474304
0.29371083,0.37304097,0.1380667,0.47612885
0.30628532,0.29281852,0.13646853,0.30662686
0.29114133,0.49726382,0.20289883,0.38452908
0.233127,-0.029677382,-0.18556218,-0.023836555
0.48636362,0.3149915,0.1705013,0.46476552
0.77928203,0.4734222,0.3301871,0.63074154
0.30962285,0.36911568,0.164727,0.4720665
0.13839431,0.0970541,-0.07048652,0.27785915
0.37785968,0.5210817,0.27595973,0.44537756
0.22769086,-0.08888241,-0.20022427,0.008498565
0.4455575,0.16498701,0.045191627,0.4564926
0.7692163,0.46770665,0.3301871,0.6279575
0.33383963,0.34503782,0.18175682,0.47570178
-4.61E-05,-0.12821199,-0.30804762,0.23404452
0.44730523,0.52772623,0.33845955,0.49449655
0.25280604,-0.14401776,-0.20923735,0.059450045
0.43848842,0.04350441,-0.04692562,0.44041708
0.7692163,0.44700992,0.3301871,0.6279575
0.3530327,0.30246937,0.18524545,0.48321253
-0.06984644,-0.3382896,-0.52313006,0.17166784
0.49481702,0.5195605,0.3856316,0.5290773
0.27720112,-0.18945178,-0.22347601,0.10451285
0.4383834,-0.03031449,-0.10211818,0.4168793
0.7692163,0.41103712,0.3301871,0.6279575
0.36102337,0.2528355,0.1797886,0.4913947
-0.092411466,-0.48487833,-0.6571652,0.09772353
0.52386713,0.5060564,0.41741678,0.55111134
0.28683037,-0.2181396,-0.24393117,0.13324876
0.433069,-0.061311547,-0.12930095,0.39604044
0.76971835,0.40862417,0.3301871,0.6279575
0.3606542,0.21234031,0.17459562,0.5004938
-0.106755905,-0.55329925,-0.7046338,0.029289804
0.5404356,0.496482,0.4364917,0.5644597
0.285232,-0.23015617,-0.26352718,0.1520805
0.4226213,-0.072034635,-0.14360759,0.38875648
0.7704298,0.40862417,0.3301871,0.6279575
0.35715184,0.19087055,0.17688157,0.51158476
-0.12533568,-0.5815618,-0.7199477,-0.012958877
0.5491834,0.49321514,0.44635713,0.57210577
0.27803916,-0.2327868,-0.2774696,0.16940653
0.41140512,-0.07542041,-0.14843802,0.39510405
0.7704298,0.40862417,0.32545683,0.6279575
0.35421693,0.18521506,0.18673235,0.52458924
-0.14658827,-0.5879954,-0.7239086,-0.027658805
0.55310917,0.49282396,0.4505368,0.57597035
0.27072453,-0.23481421,-0.28261438,0.18904914
0.40081117,-0.07856769,-0.14671955,0.40767765
0.7704298,0.40862417,0.3184664,0.6279575
0.35253644,0.18777083,0.19981766,0.537075
-0.1689542,-0.5851496,-0.7162165,-0.029090023
0.55497587,0.4926812,0.4526412,0.577932
0.2645509,-0.24064566,-0.28307876,0.20991045
0.39068186,-0.08676141,-0.1404835,0.4180652
0.7704298,0.40862417,0.31560043,0.6279575
0.35047477,0.19313793,0.21157376,0.54581386
-0.19227502,-0.58353424,-0.69775516,-0.02955158
0.55716634,0.49324292,0.4545452,0.5793758
0.259184,-0.2533506,-0.2814405,0.22643429
0.38026014,-0.10123183,-0.13185951,0.42399037
0.7704298,0.40862417,0.31560043,0.6279575
0.34693694,0.19870883,0.22021808,0.54931307
-0.21788739,-0.5874495,-0.67272246,-0.030895118
0.5604998,0.4946255,0.45623234,0.58012867
0.25400937,-0.27284536,-0.27927622,0.2363392
0.3702329,-0.116929285,-0.1255239,0.4272236
0.7704298,0.40862417,0.31560043,0.6279575
0.3416784,0.2032094,0.22636496,0.548463
-0.2430271,-0.589587,-0.6529737,-0.03109102
0.56394064,0.49579906,0.45630935,0.57842964
0.24896425,-0.29526967,-0.27848145,0.2414145
0.36048016,-0.12970284,-0.12577656,0.43096924
0.77757597,0.40862417,0.31560043,0.6279575
0.33496526,0.20367548,0.23035815,0.5444625
-0.26631975,-0.5830849,-0.64312536,-0.02944083
0.5642557,0.49413744,0.45238146,0.5715714
0.24348448,-0.31816873,-0.2830702,0.24627489
0.35039592,-0.14067152,-0.13841978,0.43534818
0.81758296,0.40862417,0.31560043,0.6279575
0.32360217,0.192163,0.22873461,0.53705204
-0.28441203,-0.56716746,-0.6430112,-0.027478248
0.55511296,0.48453334,0.44064596,0.55481035
0.23584649,-0.3444755,-0.3014012,0.2519291
0.3367061,-0.15674208,-0.16887179,0.43735117
0.8382302,0.40862417,0.31560043,0.6597001
0.30329993,0.159909,0.21602221,0.52495235
-0.28821343,-0.54840744,-0.6484654,-0.026389083
0.5299225,0.46103838,0.41813704,0.5240853
0.21912743,-0.38282487,-0.34373212,0.25441155
0.31557944,-0.18206985,-0.21813539,0.43308455
0.836514,0.3939502,0.30560097,0.7208445
0.27119038,0.10290674,0.18897344,0.5073473
-0.271403,-0.5308865,-0.6533265,-0.024956157
0.48620912,0.42032504,0.38434473,0.47887993
0.18549626,-0.440054,-0.4168145,0.24712914
0.28725028,-0.21338774,-0.2761489,0.42226696
0.7935919,0.30266964,0.2339974,0.7275913
0.2298947,0.026555846,0.15081355,0.48554003
-0.23540175,-0.5132877,-0.64369327,-0.02127816
0.42842677,0.36444739,0.34179422,0.42441714
0.13225113,-0.5155507,-0.5195115,0.22836122
0.2586599,-0.23965718,-0.32072443,0.41067353
0.74223965,0.10781731,0.09097538,0.6929972
0.1865766,-0.05231769,0.111382626,0.46344084
-0.1965305,-0.49377358,-0.60871655,-0.01691975
0.36856964,0.3017166,0.29512846,0.37049177
0.07117343,-0.59328914,-0.63519585,0.20752539
0.23985717,-0.24990828,-0.33011898,0.40725553
0.74011666,-0.09986293,-0.11415786,0.6550587
0.1499657,-0.112049066,0.081074305,0.44467902
-0.16883774,-0.47248212,-0.5501878,-0.009259153
0.3190341,0.24255307,0.24899668,0.32545853
0.025033187,-0.6467629,-0.7307426,0.19736274
0.23930286,-0.24292417,-0.30127433,0.42160952
0.74011666,-0.24611536,-0.28064153,0.65130395
0.12464236,-0.14189588,0.06314151,0.42899704
-0.15342002,-0.45134825,-0.4796608,0.001193202
0.2843109,0.19304936,0.2063228,0.29121587
0.013940865,-0.66181284,-0.7738412,0.21412368
0.2564127,-0.22374016,-0.24490598,0.4540845
0.74124914,-0.2333766,-0.34861615,0.65469605
0.10765698,-0.15089396,0.05101073,0.41190863
-0.14366692,-0.42846274,-0.4045007,0.019876596
0.26027492,0.15333107,0.1688877,0.2645697
0.03598455,-0.6487064,-0.7570282,0.254834
0.28389928,-0.19844568,-0.17419936,0.5000281
0.765022,-0.22308496,-0.3633501,0.6554369
0.094500594,-0.1538742,0.036866777,0.3884919
-0.13019864,-0.4008952,-0.328318,0.059528816
0.2426724,0.12167432,0.1389517,0.24367824
0.0724979,-0.6272129,-0.6989114,0.3043986
0.31465644,-0.1715877,-0.101864494,0.5503017
0.78562224,-0.22308496,-0.36545625,0.6554369
0.08622887,-0.1576559,0.019110661,0.3583252
-0.10829725,-0.3708568,-0.25748017,0.12402929
0.23187636,0.0987998,0.119410984,0.2292629
0.10871735,-0.6057636,-0.6230824,0.34636375
0.34241048,-0.14757915,-0.039276745,0.5964175
0.7904843,-0.22264393,-0.36545625,0.6554369
0.08714767,-0.16471943,0.000308658,0.3256761
-0.08207956,-0.34385017,-0.19943129,0.20392749
0.22834796,0.08497012,0.11100379,0.22118177
0.13740085,-0.5869532,-0.55014104,0.370897
0.36307353,-0.1302574,0.006194655,0.6332399
0.7904843,-0.22264393,-0.36545625,0.6554369
0.09989408,-0.17382367,-0.016683878,0.297795
-0.0605445,-0.32630625,-0.15943255,0.27988687
0.23039196,0.08031974,0.113341525,0.21792926
0.15753697,-0.57002056,-0.49264288,0.3789016
0.37828103,-0.12320745,0.03327081,0.6593563
0.7904843,-0.2202981,-0.36545625,0.6554369
0.12272049,-0.18320982,-0.03220656,0.28122064
-0.04457922,-0.32290265,-0.13790233,0.3403388
0.23478043,0.08580189,0.1247162,0.21850671
0.17228521,-0.55665255,-0.45385697,0.37559834
0.3910656,-0.12859823,0.046977606,0.6766898
0.7904843,-0.21937937,-0.37184313,0.6554369
0.15117352,-0.19148672,-0.04936272,0.27718216
-0.0351238,-0.33480817,-0.12936465,0.37946764
0.23755546,0.10035498,0.14092895,0.22169195
0.18707798,-0.5511059,-0.42964208,0.37181827
0.40615478,-0.14441131,0.054820143,0.6893848
0.7888658,-0.21452709,-0.41985407,0.6554369
0.18050845,-0.19820346,-0.07047001,0.282954
-0.028377628,-0.35741273,-0.12597893,0.40042126
0.23639883,0.11831223,0.15672372,0.22623986
0.20709309,-0.5559697,-0.41303587,0.3759436
0.4279365,-0.16508985,0.062011417,0.7030485
0.7840145,-0.21018958,-0.48032805,0.6858287
0.20649508,-0.20245788,-0.09453835,0.29421285
-0.023429537,-0.38238385,-0.12277707,0.40884128
0.23162621,0.1315547,0.16782507,0.23157968
0.23837124,-0.5699528,-0.3982211,0.39508685
0.4558579,-0.18502559,0.06971614,0.7205097
0.77211964,-0.22231314,-0.4660434,0.73396677
0.22589111,-0.20472376,-0.11760544,0.30647248
-0.019709814,-0.4041636,-0.119254306,0.4107265
0.22622651,0.13543229,0.17285338,0.23813537
0.2789878,-0.5870637,-0.38273886,0.42806
0.48452386,-0.2012982,0.07633068,0.7400717
0.772623,-0.23943977,-0.3845166,0.7603084
0.23642768,-0.2067753,-0.13525304,0.3161626
-0.017250529,-0.42070022,-0.1182275,0.41091272
0.2240226,0.13234389,0.17356172,0.24687228
0.32025346,-0.60293436,-0.36605766,0.46545914
0.508002,-0.21352248,0.079525135,0.7567979
0.7721204,-0.27383858,-0.35028136,0.75278527
0.23861118,-0.20963748,-0.14559287,0.32088524
-0.008126402,-0.43521613,-0.12333068,0.41249388
0.22665134,0.1291426,0.17386256,0.25826624
0.35017455,-0.61169523,-0.34855875,0.49511802
0.5278881,-0.2229055,0.07724124,0.76718706
0.77963424,-0.29997867,-0.34660092,0.76615393
0.23475668,-0.21376815,-0.14946352,0.31901264
0.028188536,-0.44692433,-0.13664204,0.41801804
0.23318745,0.13148013,0.17750162,0.27194116
0.3626606,-0.6176106,-0.33292776,0.50948864
0.55014515,-0.2289386,0.06877702,0.7707939
0.8449914,-0.31580517,-0.33065924,0.79539347
0.2283257,-0.21963099,-0.14913769,0.3105887
0.09809782,-0.44987595,-0.15846354,0.4256381
0.24142157,0.13960572,0.18601324,0.2873042
0.36095226,-0.6282493,-0.32119876,0.50981706
0.5836117,-0.22631146,0.055022255,0.7697382
0.9024192,-0.31580517,-0.31624627,0.8252394
0.22140318,-0.22980146,-0.14556971,0.29783753
0.19284472,-0.43459728,-0.18705624,0.43141407
0.25061545,0.15014613,0.19897474,0.30355954
0.3569143,-0.6454247,-0.31423724,0.5030515
0.6296398,-0.21286458,0.035940744,0.76707906
0.91462994,-0.31580517,-0.30750877,0.8632316
0.214695,-0.24637665,-0.13709089,0.2843307
0.2898206,-0.40278667,-0.22144783,0.42995933
0.26111436,0.1595374,0.21404687,0.31976295
0.36421677,-0.66357934,-0.31361112,0.49936846
0.6786988,-0.19275124,0.010035893,0.76336133
0.9158161,-0.33439264,-0.28589118,0.86996233
0.2082591,-0.269414,-0.122862816,0.27484995
0.37210578,-0.36695975,-0.26176545,0.4131412
0.27200013,0.16608036,0.22809853,0.33429676
0.38316146,-0.67366266,-0.32233274,0.5065126
0.7202122,-0.17326045,-0.02313781,0.7582207
0.9158161,-0.38362494,-0.2866359,0.86844116
0.20078464,-0.29521188,-0.10585916,0.2716221
0.43135947,-0.33925855,-0.30598974,0.37653112
0.28088403,0.16928649,0.23874004,0.34668726
0.40665367,-0.67130023,-0.34314013,0.52519035
0.7503257,-0.15872835,-0.061102863,0.75111425
0.9158161,-0.4289479,-0.2866359,0.87074447
0.19024326,-0.31706426,-0.09113329,0.27376106
0.47040337,-0.32350224,-0.34915483,0.31827408
0.28608102,0.16925482,0.24624173,0.35797152
0.42710948,-0.65940946,-0.3755107,0.5510655
0.771631,-0.14900948,-0.09790998,0.7424322
0.9158161,-0.4450942,-0.28449675,0.87284136
0.17594276,-0.32894382,-0.080886394,0.27769536
0.497229,-0.31598225,-0.38437247,0.24259856
0.2875461,0.16576102,0.2519429,0.3694711
0.44223306,-0.644963,-0.41401315,0.5772667
0.78844154,-0.14036596,-0.12732561,0.73301107
0.9158161,-0.45060664,-0.28233582,0.8766082
0.15839562,-0.32776138,-0.07238174,0.27974483
0.5182564,-0.31004667,-0.40743476,0.16029644
0.2862475,0.15762416,0.256152,0.38082218
0.45420733,-0.6305994,-0.45033547,0.59783274
0.8034782,-0.13040535,-0.14868192,0.7241079
0.9158161,-0.45060664,-0.28165272,0.8766082
0.13839988,-0.31456184,-0.060930725,0.278403
0.53864264,-0.30200663,-0.42104417,0.0933023
0.282465,0.1437404,0.25706503,0.3890125
0.46296066,-0.6166483,-0.4804066,0.6083433
0.8153284,-0.12091431,-0.1657085,0.7158353
0.9158161,-0.45223397,-0.28080317,0.8766082
0.115506455,-0.29493827,-0.046243414,0.273702
0.5568601,-0.29396752,-0.4324263,0.062420387
0.2756738,0.1241503,0.25223878,0.39000994
0.46710792,-0.6041762,-0.50399595,0.6067486
0.8209611,-0.11586524,-0.18204567,0.70756936
0.9158161,-0.42722765,-0.25302675,0.8766082
0.08977131,-0.2769169,-0.03207569,0.26604405
0.5718765,-0.29038087,-0.4456557,0.07468863
0.2648825,0.09995978,0.24051902,0.38095152
0.46091765,-0.59615505,-0.52402645,0.59243655
0.81931156,-0.11785347,-0.1983147,0.699577
0.9114572,-0.4117693,-0.22756778,0.8766082
0.062219888,-0.26552692,-0.023883386,0.25541684
0.5816822,-0.29245788,-0.46050623,0.1160082
0.24977909,0.07254909,0.22316408,0.36197156
0.44401678,-0.5979638,-0.54200065,0.56829536
0.8123247,-0.12704442,-0.21234554,0.6928526
0.90485454,-0.41719437,-0.20880178,0.8679901
0.0372998,-0.25990167,-0.023078987,0.24252823
0.5854932,-0.3011193,-0.47210455,0.16057472
0.23051505,0.04196651,0.20205523,0.33545586
0.4217532,-0.6082267,-0.55898434,0.5419174
0.8030501,-0.14228383,-0.22325177,0.6875579
0.90485454,-0.43466341,-0.21389757,0.8464958
0.019236328,-0.2549117,-0.025623655,0.23024419
0.58232933,-0.31498086,-0.47791904,0.18791753
0.20759885,0.008081781,0.17751542,0.3044574
0.40341255,-0.62627417,-0.576192,0.5223029
0.79154336,-0.16088116,-0.23066206,0.681332
0.9030598,-0.4672454,-0.24368025,0.8220753
0.010049243,-0.24584396,-0.02614917,0.22250462
0.5688208,-0.3333015,-0.4789242,0.18889149
0.18218736,-0.027819362,0.1501848,0.27215883
0.39491087,-0.6454387,-0.5917697,0.51270235
0.77542365,-0.18024872,-0.23571818,0.670866
0.8994709,-0.49936154,-0.24182232,0.8081933
0.007434455,-0.23393255,-0.020938467,0.22186266
0.5430331,-0.3559479,-0.4784523,0.1658524
0.15664499,-0.060807724,0.12152319,0.2412386
0.3928315,-0.65815514,-0.6041005,0.5080767
0.7503429,-0.20196505,-0.24048574,0.65330756
0.9009592,-0.4724846,-0.24182232,0.80591655
0.008877254,-0.22351134,-0.010473793,0.22707932
0.5007719,-0.38725564,-0.48097113,0.1310076
0.13302612,-0.08675201,0.09464637,0.21400818
0.39092666,-0.6612524,-0.61188954,0.49815735
0.7135866,-0.22989476,-0.24947418,0.62812257
0.8817035,-0.36749417,-0.24182232,0.80471736
0.014648424,-0.21837151,0.002189237,0.23497821
0.44181597,-0.43311334,-0.49279892,0.09789186
0.11199438,-0.10485071,0.07335359,0.19117431
0.38118273,-0.65737,-0.617069,0.47633374
0.6691371,-0.264784,-0.26653203,0.598785
0.83306366,-0.28224835,-0.24182232,0.7661575
0.024449209,-0.21833211,0.013466408,0.24044612
0.36956736,-0.49373674,-0.519656,0.078051805
0.0929873,-0.11712509,0.06043703,0.17194776
0.366642,-0.6522813,-0.6214152,0.44296026
0.6255028,-0.3036342,-0.2938682,0.57394946
0.9871105,-0.23980822,-0.23021695,0.6673642
0.037447818,-0.22090833,0.021534337,0.23992313
0.29631647,-0.5607662,-0.56709075,0.07511836
0.075738154,-0.12496017,0.05476781,0.15334293
0.35091436,-0.6535035,-0.6246087,0.40831923
0.590986,-0.33750042,-0.3300351,0.56569403
1.1049515,-0.23226236,-0.20877793,0.6719114
0.054033883,-0.22279511,0.026469728,0.23132254
0.2368937,-0.6159831,-0.6365626,0.08980524
0.059798077,-0.12930524,0.049855556,0.13077621
0.33723527,-0.66231275,-0.62563634,0.3889852
0.5735326,-0.34940702,-0.36759457,0.58408207
1.1736485,-0.23226236,-0.19272248,0.7754066
0.07313694,-0.22063595,0.028893154,0.21586554
0.20110698,-0.6404644,-0.7177769,0.12493981
0.044225566,-0.13236892,0.03755203,0.09966132
0.33380154,-0.660644,-0.62447387,0.39871424
0.5798877,-0.3222538,-0.39161077,0.6263068
1.2043546,-0.23226236,-0.16551559,0.83701104
0.09298807,-0.21321774,0.027975565,0.19654202
0.19035202,-0.6322316,-0.7742285,0.17471841
0.028345592,-0.13679345,0.013918238,0.059270043
0.35234433,-0.6145166,-0.62398314,0.43686315
0.6187922,-0.24764834,-0.38506997,0.67711896
1.2065076,-0.23226236,-0.13267502,0.8754509
0.11028338,-0.20142062,0.022365933,0.17794906
0.20115688,-0.59857255,-0.7549697,0.22444986
0.013374607,-0.14366344,-0.017028883,0.015233669
0.40959424,-0.5039301,-0.6266714,0.48826522
0.68686473,-0.14173518,-0.3466527,0.7199241
1.2097008,-0.2278865,-0.11249036,0.91446227
0.12174226,-0.18614422,0.013102795,0.16403589
0.23209938,-0.5458957,-0.6592338,0.2561783
0.001690794,-0.15031268,-0.045694727,-0.022139562
0.49914864,-0.3594859,-0.63643086,0.5369874
0.76656604,-0.03309074,-0.2918979,0.74490213
1.2328361,-0.2278865,-0.09624102,0.941107
0.12715615,-0.16784188,0.003291838,0.15738553
0.2756969,-0.48130932,-0.5412834,0.26188302
-0.005291792,-0.15258981,-0.063261226,-0.044829316
0.5971889,-0.2243882,-0.65155315,0.57173
0.8381887,0.05814327,-0.24118915,0.7511941
1.2641138,-0.22273532,-0.09339113,0.9632631
0.12823391,-0.1470488,-0.001773203,0.15914902
0.32077667,-0.41583553,-0.44520906,0.24245417
-0.010013777,-0.15015428,-0.06961211,-0.05548362
0.6809227,-0.11952778,-0.6673248,0.59008884
0.8948819,0.12714647,-0.20636721,0.7446495
1.2958413,-0.22629113,-0.09991506,0.9970297
0.129665,-0.12626666,0.00062585,0.16648392
0.36008933,-0.35775992,-0.3854907,0.21088068
-0.015453879,-0.14678383,-0.06919846,-0.06217829
0.7449875,-0.04510393,-0.6774868,0.59433246
0.9405952,0.17972031,-0.18654689,0.7355884
1.3205745,-0.24528305,-0.104957126,1.0251102
0.13341157,-0.10932308,0.008726193,0.17489874
0.38911998,-0.30947676,-0.35855877,0.18563278
-0.023130018,-0.14631842,-0.06430806,-0.070259705
0.79739505,0.009543343,-0.67194366,0.5917932
0.98457277,0.22327837,-0.17531776,0.7342953
1.3403584,-0.26174784,-0.055814613,1.0323796
0.14016666,-0.09922669,0.018843697,0.17933023
0.40994233,-0.27032876,-0.3523536,0.17941925
-0.03213017,-0.14848283,-0.05498012,-0.079603024
0.8500919,0.055201165,-0.65055597,0.5924163
1.0327673,0.26078582,-0.16637503,0.74470466
1.3416651,-0.26174784,-0.02543243,1.0331017
0.14812939,-0.094609424,0.027871707,0.17851017
0.42361212,-0.23977622,-0.35353044,0.19239137
-0.04068362,-0.1511535,-0.040923804,-0.08848769
0.91016805,0.09595697,-0.6221793,0.6018314
1.0822974,0.29081026,-0.15773506,0.76217425
1.3416651,-0.26174784,-0.017655447,1.0400871
0.15494522,-0.091203414,0.033679254,0.17387143
0.43569133,-0.21823138,-0.35247588,0.21577062
-0.047777798,-0.15144493,-0.02531766,-0.09727158
0.9712469,0.12984043,-0.5998004,0.616977
1.1256226,0.31160325,-0.1516827,0.7788931
1.3416651,-0.26174784,-0.004214077,1.0400871
0.15844747,-0.084710374,0.035194192,0.16975515
0.44507095,-0.20596372,-0.3465358,0.243225
-0.05541236,-0.15014002,-0.014826292,-0.110116415
1.0239834,0.15440476,-0.5935497,0.62935907
1.1578252,0.32390392,-0.15099075,0.7888698
1.3416651,-0.26519325,0.005485233,1.0400871
0.15882973,-0.07316784,0.032334015,0.1717201
0.45386666,-0.20141518,-0.33989328,0.27022
-0.0663488,-0.15122302,-0.015616104,-0.13072821
1.0621536,0.17004363,-0.60357034,0.6321427
1.1781273,0.33095276,-0.15328163,0.78970355
1.3416651,-0.28439358,0.010176756,1.0400871
0.15709427,-0.056598376,0.026858727,0.18218659
0.4608031,-0.20184009,-0.3348812,0.2935879
-0.082839146,-0.1583975,-0.028197896,-0.1600571
1.0856872,0.18023138,-0.61959153,0.6228068
1.1891233,0.33492476,-0.1496848,0.78077096
1.3416651,-0.33611465,0.010176756,1.0400871
0.15240863,-0.036604967,0.022307752,0.20034496
0.46558878,-0.20624009,-0.32705328,0.30869007
-0.10375085,-0.17111585,-0.04285967,-0.19440733
1.0981433,0.18763001,-0.62426287,0.60213745
1.1981479,0.33645862,-0.1321144,0.7741781
1.3416651,-0.3554033,0.023256972,1.0491335
0.14266771,-0.01661112,0.02478509,0.22217876
0.48094967,-0.21110976,-0.31161004,0.3368054
-0.123376995,-0.18264498,-0.042852752,-0.22527464
1.1056778,0.19172287,-0.60250586,0.57675946
1.2161404,0.3443433,-0.10100568,0.7511362
1.3308393,-0.28697434,0.024067879,1.0491335
0.13115554,0.000533389,0.04375615,0.23521148
0.48621133,-0.19623244,-0.28998744,0.3262201
-0.13949187,-0.18277359,-0.016675457,-0.2434722
1.1266372,0.19681044,-0.5534399,0.54638344
1.227922,0.38930812,-0.06658704,0.71889794
1.3268957,0.036959443,0.017819516,1.021925
0.113025755,0.017481226,0.08889543,0.245705
0.48026946,-0.104992464,-0.2734156,0.3051277
-0.14797017,-0.16355726,0.03320132,-0.2550264
1.1423752,0.22155826,-0.48807868,0.5072909
1.2311387,0.50396496,-0.035378676,0.68592745
1.3268957,0.31195736,0.04332934,0.9868219
0.0916034,0.04169509,0.15970449,0.24950008
0.46051043,0.07980882,-0.26966047,0.2839034
-0.1482182,-0.12375526,0.0960525,-0.26262027
1.1504371,0.2987538,-0.41531202,0.4667802
1.2271158,0.6661114,-0.006820013,0.66366464
1.3268957,0.5100317,0.04332934,0.9868219
0.07125288,0.077277884,0.24223548,0.24428163
0.42615733,0.29830217,-0.27539325,0.27270782
-0.14171404,-0.069741055,0.16061006,-0.26742202
1.1523557,0.42294762,-0.34292978,0.43709725
1.2216969,0.8230466,0.023758601,0.65911543
1.3268957,0.60557884,0.04332934,0.9868219
0.05681007,0.119016595,0.31829,0.2305893
0.382848,0.4872475,-0.27556595,0.27717564
-0.12990725,-0.01256783,0.21845306,-0.2665674
1.1536998,0.55420727,-0.27898356,0.4262627
1.2201973,0.9422664,0.05730931,0.6709053
1.3254961,0.6200644,0.04332934,0.9868219
0.047232207,0.1559205,0.37658387,0.21363783
0.33833054,0.6229419,-0.25783083,0.29314548
-0.115251675,0.037084267,0.2631308,-0.25816324
1.159087,0.65879136,-0.2300546,0.4350626
1.2230176,1.0163862,0.08775228,0.69119817
1.3113412,0.6200644,0.04332934,0.9868219
0.04250319,0.17999025,0.41482204,0.20067471
0.30325586,0.70599777,-0.22583869,0.3150904
-0.09895202,0.07224002,0.2912172,-0.24420267
1.1673559,0.7245172,-0.20106985,0.45416003
1.2230647,1.0519834,0.107942924,0.71017075
1.2864021,0.6200644,0.04332934,0.9730201
0.03968721,0.19033793,0.436547,0.19986817
0.27970326,0.7466677,-0.19419318,0.34052485
-0.081029505,0.09119456,0.30342403,-0.23008712
1.1705327,0.7551971,-0.19198376,0.46838036
1.2093616,1.0621746,0.11563028,0.72093385
1.2328186,0.6200644,0.030916814,0.9465953
0.03952119,0.19180256,0.44851685,0.21452259
0.26949584,0.7600733,-0.17420334,0.36787444
-0.06274837,0.09659385,0.30366915,-0.22173195
1.156378,0.76221305,-0.19689241,0.4663616
1.1735786,1.0611029,0.11419613,0.7230668
1.1185021,0.6200644,-0.011638504,0.9042273
0.04353822,0.19032328,0.45683166,0.24304755
0.26352933,0.76144344,-0.16766945,0.39568824
-0.048881397,0.093138084,0.29720575,-0.22306107
1.1165719,0.758698,-0.20688316,0.44687784
1.1154535,1.0580055,0.11013868,0.72228277
0.9475722,0.6200644,-0.052628044,0.9030817
0.052271232,0.18927951,0.46519554,0.27797765
0.27380493,0.7607251,-0.16929099,0.42180893
-0.044524822,0.08530125,0.287801,-0.23407707
1.0479292,0.7531931,-0.21362247,0.42069587
1.1154535,1.0557358,0.10809473,0.72228277
0.9475722,0.6200644,-0.075457424,0.9030817
0.052271232,0.18817893,0.4745693,0.27797765
0.27380493,0.76073074,-0.17377378,0.42180893
-0.044524822,0.075947225,0.27787912,-0.23407707
1.0479292,0.7485962,-0.21298136,0.42069587
1.1154535,1.0544873,0.10859216,0.72228277
0.9475722,0.6200644,-0.085706346,0.9030817
0.052271232,0.18555248,0.48381257,0.27797765
0.27380493,0.76135814,-0.17763849,0.42180893
-0.044524822,0.068014294,0.26932102,-0.23407707
1.0479292,0.74541026,-0.20775935,0.42069587
1.1154535,1.0538089,0.10735635,0.72228277
0.9475722,0.6200644,-0.087353505,0.9030817
0.052271232,0.17954603,0.49158278,0.27797765
0.27380493,0.76209533,-0.18358563,0.42180893
-0.044524822,0.06306015,0.26138172,-0.23407707
1.0479292,0.74325824,-0.20400159,0.42069587
1.1154535,1.0533239,0.098984964,0.72228277
0.9475722,0.6200644,-0.06937725,0.9030817
0.052271232,0.1697956,0.49654928,0.27797765
0.27380493,0.76240647,-0.1956843,0.42180893
-0.044524822,0.059660308,0.2503235,-0.23407707
1.0479292,0.74194014,-0.20850031,0.42069587
0.6952074,1.051036,0.08131311,0.645179
0.3975539,0.6200644,-0.020701377,0.41736332
0.23894745,0.15718694,0.4960188,0.40971398
0.5361452,0.7604883,-0.214072,0.3687424
-0.16061091,0.053369552,0.23160188,-0.14471833
0.18188375,0.73926455,-0.2254361,0.31807882
0.7368836,1.0399173,0.059536584,0.74465185
0.40945747,0.6200644,-0.002177835,0.41736332
0.2400173,0.14033529,0.4848915,0.37778813
0.6047656,0.7492503,-0.22993445,0.5382997
-0.13881606,0.03817502,0.20272854,-0.11140904
0.15567562,0.7282712,-0.25336847,0.32237807
0.75951374,1.007082,0.042792328,0.82066864
0.42339534,0.6200644,0.023515027,0.4423494
0.25066975,0.1138291,0.45788196,0.35691097
0.64527076,0.7163494,-0.23322825,0.6474295
-0.121710904,0.008195038,0.16336946,-0.07324599
0.12368886,0.69550455,-0.28477576,0.3377862
0.7770119,0.93848985,0.037969124,0.88367957
0.46473202,0.6200644,0.024803545,0.5309874
0.26692176,0.07182832,0.41312265,0.3514103
0.67065275,0.6470965,-0.22080313,0.7169397
-0.109425105,-0.039371453,0.11487337,-0.030724293
0.11390752,0.62760454,-0.309878,0.38722885
0.82028705,0.8269195,0.053977314,0.969687
0.6428352,0.6028974,0.017302172,0.77818227
0.29130027,0.014502786,0.355557,0.36848056
0.7018358,0.5336786,-0.19293882,0.77843136
-0.098193645,-0.10016146,0.05976491,0.01540379
0.19816206,0.51795816,-0.30888197,0.5213929
0.9174774,0.68292,0.09961743,1.0923607
0.865058,0.50603056,0.061067518,1.0047467
0.3257232,-0.047568858,0.29659346,0.4065995
0.76208115,0.38856184,-0.14013675,0.85952604
-0.08156996,-0.1597214,0.003780515,0.06277983
0.3957499,0.37511402,-0.27277684,0.7103955
1.0454929,0.55106425,0.17350172,1.2216656
0.9777149,0.35293445,0.12275044,1.1539055
0.36830086,-0.09625234,0.24885304,0.45540825
0.8424869,0.26544243,-0.058438808,0.9526163
-0.056922413,-0.1983462,-0.04298464,0.105717935
0.6176611,0.23405932,-0.20972717,0.8861115
1.1616148,0.49403086,0.2578147,1.3244928
1.0030411,0.30303964,0.14389178,1.2209014
0.40955803,-0.11774092,0.21849838,0.4993677
0.9165168,0.23571688,0.035743367,1.0320425
-0.029198421,-0.20682366,-0.07081222,0.13801406
0.79636955,0.14562051,-0.13979165,1.0147102
1.2433586,0.5142675,0.3330754,1.3889958
1.0036734,0.2898823,0.14389178,1.2268145
0.440813,-0.115109034,0.201141,0.5297118
0.96589816,0.28701955,0.12253873,1.0850443
-0.003050267,-0.19270194,-0.077602826,0.16005182
0.9174061,0.12430256,-0.082405165,1.0908679
1.2904997,0.5584115,0.38758308,1.4198602
1.0036734,0.2915877,0.14389178,1.2268145
0.45560348,-0.102371454,0.1872687,0.5411474
0.98405933,0.35231423,0.1832448,1.1101791
0.01642005,-0.17038567,-0.068429634,0.1739691
0.9948134,0.13571829,-0.038022067,1.1273125
1.2904997,0.6010272,0.42538652,1.4198602
1.0036734,0.30160862,0.14389178,1.2268145
0.45560348,-0.08809488,0.1700178,0.5411474
0.98405933,0.40662274,0.21787621,1.1101791
0.01642005,-0.14812109,-0.050924234,0.1739691
0.9948134,0.15836672,0.005010169,1.1273125
1.2904997,0.6640371,0.4636224,1.4198602
1.0036734,0.31141976,0.14529845,1.2268145
0.45560348,-0.07269417,0.1477275,0.5411474
0.98405933,0.47954693,0.23629007,1.1101791
0.01642005,-0.1272546,-0.027562719,0.1739691
0.9948134,0.20324153,0.07378003,1.1273125
1.3190739,0.7737527,0.5223936,1.4511617
1.0036734,0.31705382,0.18911329,1.2268145
0.4676002,-0.056493204,0.12465405,0.54554856
1.011052,0.59918034,0.2665829,1.1437694
0.03107131,-0.108758405,-0.000214531,0.19564198
1.0249252,0.2935775,0.1708828,1.1564022
1.3495207,0.9200476,0.61894405,1.4848922
1.0036734,0.31793252,0.38508317,1.2268145
0.4827824,-0.037454028,0.10887743,0.55288565
1.0397711,0.75628906,0.34685236,1.1787055
0.046476,-0.09363312,0.02880633,0.21773626
1.0570385,0.41715768,0.28690898,1.1889584
1.3812826,1.0645485,0.762794,1.5203351
1.0036734,0.31772998,0.53466606,1.2268145
0.5022901,-0.017290708,0.1052275,0.56666684
1.0674676,0.90940434,0.514813,1.2132013
0.061814018,-0.08053663,0.058950912,0.24054232
1.0926719,0.5422345,0.40132147,1.2253243
1.4148695,1.1791931,0.93809676,1.5565099
1.0036734,0.314551,0.61468345,1.2268145
0.5254825,0.003956198,0.114171065,0.5888345
1.093297,1.0297546,0.73738843,1.2449412
0.076660156,-0.06533675,0.0897101,0.264254
1.1334542,0.6432925,0.50638163,1.2657689
1.4519609,1.2551197,1.1095903,1.5939114
1.0036734,0.31397158,0.6473363,1.2268145
0.550617,0.025872122,0.13286968,0.61885583
1.1188841,1.1091677,0.946831,1.2737893
0.09117671,-0.04525369,0.11803623,0.28825715
1.1807748,0.7106111,0.6045108,1.3111696
1.4959085,1.2973475,1.2518846,1.6350845
1.0036734,0.31613868,0.6431724,1.2268145
0.57697666,0.046112847,0.1534373,0.6538635
1.149677,1.1537566,1.1119689,1.3038088
0.107566126,-0.022626884,0.13939212,0.31133437
1.2358158,0.746871,0.69188535,1.3623303
1.547942,1.3175743,1.3561472,1.6816522
1.0036734,0.32499114,0.6431724,1.2268145
0.6051654,0.065388836,0.1722034,0.6912734
1.188104,1.1757952,1.2271179,1.3393286
0.12818345,-0.003695098,0.1510308,0.33186752
1.2986983,0.76243925,0.7661325,1.418328
1.6039692,1.3293433,1.4260882,1.7278962
1.0036734,0.37955403,0.6456396,1.2268145
0.6328468,0.08350379,0.18694697,0.72438574
1.2307047,1.1890376,1.3014034,1.3784362
0.15349837,0.005732765,0.15599158,0.3469827
1.3648552,0.7703686,0.82326525,1.4704334
1.6516327,1.3413038,1.4706279,1.7606056
1.0036734,0.4177949,0.6479748,1.2268145
0.654698,0.1000784,0.19911858,0.745112
1.2629049,1.2017376,1.3474495,1.4082967
0.17912501,0.003114475,0.1607982,0.35243386
1.423532,0.78038377,0.86324334,1.5054342
1.6516327,1.3554217,1.4992043,1.7606056
1.0036734,0.4367975,0.6515126,1.2268145
0.654698,0.11443957,0.21111378,0.745112
1.2629049,1.2155529,1.3765848,1.4082967
0.17912501,-0.008672969,0.17030701,0.35243386
1.423532,0.795299,0.8901117,1.5054342
1.6516327,1.3696212,1.5186884,1.7606056
1.0036734,0.39082134,0.6605699,1.2268145
0.654698,0.12535964,0.22403768,0.745112
1.2629049,1.2287656,1.3965576,1.4082967
0.17912501,-0.024289954,0.18363293,0.35243386
1.423532,0.8120846,0.9080941,1.5054342
1.6516327,1.3807526,1.5309656,1.7606056
1.0036734,0.37935418,0.66187567,1.2268145
0.654698,0.1322674,0.235857,0.745112
1.2629049,1.2388394,1.408826,1.4082967
0.17912501,-0.0379867,0.19600593,0.35243386
1.423532,0.825965,0.92039806,1.5054342
1.6516327,1.3865843,1.5373071,1.7606056
1.0036734,0.37935418,0.66187567,1.2268145
0.654698,0.13690181,0.24367982,0.745112
1.2629049,1.2442148,1.4152861,1.4082967
0.17912501,-0.04827476,0.20324908,0.35243386
1.423532,0.83297527,0.92637444,1.5054342
1.6516327,1.3862362,1.5389965,1.7606056
1.0036734,0.37935418,0.66187567,1.2268145
0.654698,0.14167123,0.25008246,0.745112
1.2629049,1.2438539,1.4175773,1.4082967
0.17912501,-0.057071302,0.20491059,0.35243386
1.423532,0.8326599,0.92620313,1.5054342
1.6516327,1.3769604,1.5372578,1.7606056
1.0036734,0.37935418,0.66187567,1.2268145
0.654698,0.14828289,0.2606638,0.745112
1.2629049,1.2345806,1.4176927,1.4082967
0.17912501,-0.068058096,0.20047623,0.35243386
1.423532,0.8233776,0.918666,1.5054342
1.6516327,1.3523206,1.532205,0.76765
1.0036734,0.37935418,0.66187567,0.31982926
0.654698,0.15695897,0.27988577,0.5037323
1.2629049,1.2101746,1.4159013,0.51209736
0.17912501,-0.08338866,0.18920192,0.045691453
1.423532,0.7981349,0.90315914,0.4158174
1.6516327,1.3036073,1.5217409,0.8893524
1.0036734,0.37935418,0.66187567,0.57759947
0.654698,0.16472739,0.30569264,0.5336343
1.2629049,1.1611661,1.4097599,0.6115276
0.17912501,-0.10267136,0.17117958,0.021766772
1.423532,0.7501833,0.87831306,0.5638069
1.3209767,1.2260978,1.5003523,1.0423086
0.9715609,0.37935418,0.66187567,0.80783653
0.51672035,0.16919754,0.33206713,0.5693347
1.0129615,1.0821795,1.3918597,0.7611589
-0.059581343,-0.12466953,0.14763997,0.002784271
1.0268214,0.6764557,0.84485054,0.72044444
1.4313844,1.1247083,1.4596744,1.1701423
1.1294075,0.37935418,0.63520974,0.97562796
0.53174174,0.16787407,0.3536828,0.6028541
1.1235521,0.97730327,1.3516192,0.8944661
-0.04465107,-0.14894994,0.12013626,0.002330527
1.1370519,0.5838165,0.80262715,0.84218615
1.4946747,1.0190841,1.392071,1.2544751
1.2309426,0.37935418,0.5916937,1.0688373
0.5408527,0.16042012,0.36844316,0.6302651
1.1912471,0.8652044,1.2805142,0.990542
-0.004311378,-0.17196736,0.09022575,0.029390642
1.1960291,0.49381077,0.7471975,0.91288096
1.5154618,0.93569154,1.2943509,1.2980578
1.2589747,0.3641353,0.5177999,1.0878626
0.5463985,0.15042986,0.37891623,0.65139455
1.2171168,0.7728274,1.1748997,1.0463846
0.056118492,-0.18414171,0.060131777,0.08123941
1.2117302,0.4308425,0.6753996,0.94133365
1.505656,0.887498,1.1729637,1.3122604
1.2589747,0.3641353,0.4651041,1.0939517
0.550764,0.14145601,0.38801947,0.6689989
1.2119986,0.71396375,1.0426066,1.0716846
0.122066215,-0.1742751,0.03277604,0.14088586
1.1971263,0.4052172,0.58676493,0.9409786
1.4805392,0.8612485,1.0466373,1.3112319
1.2589747,0.36777627,0.4405852,1.1083941
0.55366397,0.13684826,0.39741567,0.682971
1.1906585,0.6754125,0.90509033,1.0795794
0.17891262,-0.14190127,0.00941023,0.19209567
1.1680663,0.40298432,0.49090055,0.92759454
1.4540262,0.839382,0.94306386,1.3062922
1.2589747,0.3527835,0.40352938,1.1141938
0.5533323,0.1370913,0.40655366,0.69212395
1.1688491,0.6390581,0.7942859,1.0805594
0.21655668,-0.09928389,-0.011863002,0.22486526
1.1365427,0.4070118,0.40555066,0.91411394
1.4330425,0.81398606,0.88040835,1.3015419
1.2589747,0.3094657,0.338804,1.1141938
0.54827917,0.13976185,0.41353735,0.69504
1.156429,0.5960345,0.7322879,1.0800875
0.23358452,-0.06164014,-0.03334302,0.23976842
1.106141,0.4101339,0.34128183,0.90300965
1.4173205,0.7857198,0.85238224,1.2949141
1.2589747,0.21811704,0.25687364,1.1141938
0.54136676,0.1425289,0.41743293,0.6940659
1.1522895,0.5467333,0.7113033,1.0755632
0.23352897,-0.035181116,-0.05615192,0.24256435
1.0770354,0.41228154,0.29542845,0.8932003
1.4037572,0.76031387,0.8468974,1.2847911
1.2589747,0.13060823,0.17566684,1.1141938
0.5355904,0.14504115,0.41938117,0.6924717
1.1513739,0.49798986,0.7172932,1.066005
0.22349529,-0.01994817,-0.07786358,0.24179909
1.047936,0.41678774,0.2585406,0.8822164
1.3896952,0.74535066,0.85141295,1.2886765
1.2589747,0.077985995,0.15688537,1.1141938
0.53192663,0.1472979,0.42197296,0.70289445
1.1478492,0.46023172,0.7312139,1.0677307
0.20981306,-0.01197304,-0.096962765,0.253299
1.0201236,0.42780438,0.23481527,0.88937867
1.373748,0.7436214,0.85899824,1.2932526
1.2589747,0.07423317,0.15688537,1.1141938
0.5279437,0.14858414,0.42399165,0.7146535
1.1397746,0.4419465,0.7438272,1.0710839
0.19537164,-0.008406924,-0.11427394,0.26483503
0.99338293,0.44323543,0.22624329,0.8957922
1.3719257,0.7511654,0.86609304,1.2970779
1.2589747,0.07423317,0.15688537,1.1141938
0.5246569,0.14822699,0.42165005,0.72366434
1.1436268,0.44052047,0.75236434,1.0740699
0.19149613,-0.007112572,-0.13181527,0.2764165
0.9834847,0.45954207,0.2285548,0.9008709
